Frame,Sub Frame,RX,RY,RZ,TX,TY,TZ
1,0,0.020297,-0.122683,3.340447,1763.534424,-4844.311523,150.686249
2,0,0.026062,-0.11763,3.332065,1720.797241,-4851.72168,150.374985
3,0,0.03227,-0.109383,3.321526,1677.94165,-4858.396973,150.754166
4,0,0.036522,-0.110087,3.314765,1634.561035,-4865.478027,151.382767
5,0,0.031746,-0.106348,3.305807,1590.497314,-4871.981934,151.408188
6,0,0.035273,-0.098567,3.297817,1545.991821,-4878.14209,150.802185
7,0,0.031151,-0.104057,3.28906,1501.003052,-4884.204102,149.871307
8,0,0.036719,-0.095743,3.281736,1456.245483,-4889.785645,149.990479
9,0,0.037697,-0.085714,3.272658,1410.136841,-4895.105957,149.536087
10,0,0.036616,-0.083651,3.264675,1363.705566,-4900.170898,149.756302
11,0,0.035552,-0.07963,3.25934,1316.706909,-4905.306641,149.651031
12,0,0.032761,-0.082256,3.252751,1269.178833,-4910.110352,149.841278
13,0,0.029965,-0.072839,3.247335,1221.231812,-4914.69043,149.489899
14,0,0.029259,-0.071429,3.240407,1172.717285,-4919.016113,149.019363
15,0,0.03238,-0.066027,3.233372,1124.098145,-4923.30957,148.958939
16,0,0.028757,-0.092509,3.220217,1073.814453,-4927.057129,149.53978
17,0,0.029207,-0.086402,3.217746,1024.476807,-4931.106445,149.525742
18,0,0.027269,-0.079999,3.21244,973.920227,-4934.550781,149.220291
19,0,0.022936,-0.072988,3.207481,923.102539,-4937.719727,148.880173
20,0,0.026818,-0.075362,3.201648,871.686218,-4940.836426,148.824356
21,0,0.029907,-0.07982,3.196216,819.729614,-4943.808105,148.498062
22,0,0.035092,-0.075373,3.192385,767.497803,-4946.349609,148.258942
23,0,0.03786,-0.075777,3.187918,714.322327,-4948.851562,148.028244
24,0,0.036985,-0.069459,3.182474,660.507996,-4950.76416,147.285965
25,0,0.037601,-0.064574,3.178744,606.213379,-4952.102539,147.086609
26,0,0.034487,-0.063051,3.17489,551.034424,-4953.55957,147.073166
27,0,0.030667,-0.069268,3.169904,496.110413,-4955.032227,146.747742
28,0,0.028541,-0.076971,3.163562,440.17276,-4956.100586,146.386978
29,0,0.032531,-0.06797,3.159754,384.407501,-4956.882812,146.18573
30,0,0.034444,-0.066291,3.154479,327.663757,-4957.308105,146.172516
31,0,0.035067,-0.070352,3.146997,269.670288,-4957.278809,145.582794
32,0,0.033542,-0.076011,3.142998,212.291214,-4957.839355,145.320984
33,0,0.039429,-0.079009,3.139105,154.295471,-4957.888672,144.993484
34,0,0.039861,-0.069213,3.135254,96.427498,-4957.281738,145.154327
35,0,0.045606,-0.073193,3.130731,37.635273,-4956.550293,145.399994
36,0,0.046863,-0.060654,3.125508,-21.87327,-4955.57666,145.168854
37,0,0.048276,-0.06765,3.116395,-82.316475,-4954.384766,145.37204
38,0,0.051309,-0.072754,3.111638,-143.036743,-4952.599609,145.151932
39,0,0.050016,-0.070663,3.106122,-204.479187,-4950.587891,145.130936
40,0,0.045729,-0.071572,3.099109,-266.639038,-4947.735352,144.844498
41,0,0.047166,-0.07116,3.092161,-329.012695,-4944.594238,144.979065
42,0,0.040963,-0.064812,3.085873,-392.16449,-4941.383789,145.133301
43,0,0.039206,-0.072637,3.078824,-455.424408,-4937.713867,144.91394
44,0,0.039279,-0.065395,3.069168,-518.779053,-4933.650391,145.228683
45,0,0.036661,-0.057828,3.059426,-583.165161,-4928.680664,144.827789
46,0,0.030568,-0.055916,3.049518,-648.026184,-4923.593262,144.24794
47,0,0.021951,-0.063177,3.043651,-712.842041,-4918.65625,143.232147
48,0,0.004426,-0.061022,3.04227,-777.381104,-4914.214355,142.386078
49,0,-0.000854,-0.054389,3.031691,-841.322205,-4907.799805,142.096497
50,0,0.000725,-0.04755,3.020311,-906.420715,-4900.093262,141.475021
51,0,0.021958,-0.067243,2.99482,-972.708435,-4890.87793,140.426315
52,0,0.027287,-0.080443,2.985832,-1037.576172,-4883.177734,139.669739
53,0,0.019512,-0.09724,2.973977,-1102.091675,-4875.462891,139.473724
54,0,0.006449,-0.102814,2.968077,-1167.044922,-4866.48291,138.571167
55,0,-0.007453,-0.07059,2.962787,-1231.224731,-4857.277832,138.659607
56,0,-0.007108,-0.083853,2.950381,-1296.036621,-4846.479492,138.219833
57,0,0.002574,-0.086622,2.929739,-1359.077148,-4835.003906,138.517822
58,0,0.011683,-0.100019,2.91479,-1422.727783,-4823.337891,138.374146
59,0,0.022146,-0.111678,2.902338,-1485.760742,-4810.356934,138.411804
60,0,0.024193,-0.114714,2.892613,-1549.279175,-4795.765137,138.842255
61,0,0.017021,-0.101442,2.88302,-1612.83728,-4780.834473,138.97757
62,0,0.002378,-0.104441,2.876343,-1675.773926,-4765.347168,139.154022
63,0,-0.011979,-0.109896,2.865027,-1738.115967,-4749.089355,138.805588
64,0,-0.023578,-0.108971,2.854343,-1801.191406,-4732.492676,138.76207
65,0,-0.032108,-0.112212,2.838394,-1862.877563,-4715.199219,138.388565
66,0,-0.035178,-0.1111,2.82269,-1922.922852,-4697.705078,137.629089
67,0,-0.031591,-0.108723,2.803463,-1984.014771,-4679.363281,137.567551
68,0,-0.032639,-0.113139,2.784608,-2044.325073,-4660.077148,137.953308
69,0,-0.032391,-0.118612,2.762003,-2103.489014,-4639.98291,137.906235
70,0,-0.032138,-0.112311,2.741782,-2161.701172,-4619.579102,137.011673
71,0,-0.040061,-0.125011,2.719438,-2219.562256,-4598.461426,136.201309
72,0,-0.046459,-0.136453,2.694179,-2277.267578,-4576.241699,135.43367
73,0,-0.042342,-0.124269,2.671607,-2333.705322,-4552.869629,134.126678
74,0,-0.040842,-0.133862,2.65124,-2389.810059,-4528.275391,134.552765
75,0,-0.040575,-0.111477,2.634786,-2444.723145,-4505.589355,134.096954
76,0,-0.043968,-0.120234,2.621444,-2498.425293,-4480.768066,134.347214
77,0,-0.040669,-0.122369,2.590504,-2551.792725,-4453.653809,135.061234
78,0,-0.037472,-0.116169,2.566544,-2605.097168,-4428.474121,134.47995
79,0,-0.037376,-0.102023,2.540215,-2656.32373,-4401.305176,135.260101
80,0,-0.040864,-0.107343,2.518633,-2707.480469,-4375.615723,134.875641
81,0,-0.051535,-0.125513,2.500833,-2757.962158,-4347.416016,134.227631
82,0,-0.056728,-0.117244,2.478096,-2808.05542,-4320.366211,133.871506
83,0,-0.063937,-0.128752,2.459044,-2856.654785,-4291.413086,133.424286
84,0,-0.072034,-0.131001,2.432934,-2904.791504,-4261.988281,132.927109
85,0,-0.071545,-0.140094,2.406864,-2951.828125,-4232.093262,132.42955
86,0,-0.063416,-0.136557,2.384446,-2997.198242,-4202.107422,131.902771
87,0,-0.061053,-0.128178,2.356571,-3042.087158,-4171.390625,131.794296
88,0,-0.072509,-0.110929,2.335203,-3069.664795,-4133.479004,136.219864
89,0,-0.079495,-0.123831,2.307162,-3114.582764,-4102.674805,134.766922
90,0,-0.087088,-0.133928,2.280904,-3157.859863,-4071.153564,133.751236
91,0,-0.087643,-0.137175,2.255097,-3197.694092,-4038.75293,134.664627
92,0,-0.084259,-0.12392,2.230931,-3238.98999,-4005.947998,133.526352
93,0,-0.089981,-0.12581,2.206078,-3276.807617,-3972.412598,134.413803
94,0,-0.091364,-0.124816,2.181624,-3316.599854,-3939.072266,133.66185
95,0,-0.088714,-0.118149,2.160439,-3352.851074,-3905.108154,134.377487
96,0,-0.094333,-0.126854,2.129284,-3392.41626,-3870.983887,132.131332
97,0,-0.096993,-0.128759,2.103442,-3428.218018,-3835.97998,131.767899
98,0,-0.10964,-0.147895,2.075664,-3463.81543,-3801.382568,131.086136
99,0,-0.105481,-0.136617,2.057722,-3496.313965,-3765.342773,131.20752
100,0,-0.106567,-0.139105,2.032145,-3529.380615,-3729.962891,131.300125
101,0,-0.100303,-0.128596,2.01217,-3561.790283,-3694.304688,130.568619
102,0,-0.095251,-0.112783,1.986872,-3594.661377,-3658.521973,129.779984
103,0,-0.092035,-0.119816,1.962091,-3622.4646,-3621.63208,130.957962
104,0,-0.103498,-0.130655,1.937997,-3650.661133,-3585.039307,130.967255
105,0,-0.099049,-0.10742,1.9214,-3678.522217,-3547.790771,131.105606
106,0,-0.093094,-0.111735,1.902213,-3724.27002,-3519.881104,109.415543
107,0,-0.096143,-0.107771,1.885906,-3749.962402,-3482.413818,109.370789
108,0,-0.101414,-0.105817,1.868296,-3774.775146,-3444.841064,109.097351
109,0,-0.103649,-0.106109,1.849516,-3798.049805,-3407.017578,109.189415
110,0,-0.100551,-0.105228,1.826981,-3820.157715,-3369.668701,109.397102
111,0,-0.099375,-0.105161,1.807111,-3841.052002,-3331.77417,109.732849
112,0,-0.100127,-0.10554,1.788888,-3861.287598,-3294.174316,109.949081
113,0,-0.100622,-0.103643,1.77172,-3880.328125,-3256.192139,110.23037
114,0,-0.101823,-0.102989,1.753154,-3897.991211,-3217.375977,110.885574
115,0,-0.098144,-0.11627,1.733103,-3913.775146,-3176.779297,115.214104
116,0,-0.109457,-0.119847,1.725527,-3927.983643,-3137.396729,118.047043
117,0,-0.103175,-0.11552,1.709105,-3942.96167,-3099.259766,118.181328
118,0,-0.101623,-0.109888,1.694272,-3956.830078,-3061.085938,118.922722
119,0,-0.099282,-0.109301,1.678558,-3970.426758,-3022.201904,118.980911
120,0,-0.09978,-0.113284,1.664489,-3982.971436,-2983.840576,118.935936
121,0,-0.099445,-0.111392,1.653162,-3994.109619,-2945.219238,119.056297
122,0,-0.093899,-0.105681,1.640066,-4004.417969,-2906.466309,119.601891
123,0,-0.091794,-0.10308,1.629648,-4013.176514,-2867.783691,119.808083
124,0,-0.086335,-0.102779,1.616851,-4020.845459,-2829.170166,120.169594
125,0,-0.085606,-0.097967,1.608375,-4028.038574,-2790.608643,120.532242
126,0,-0.084287,-0.098194,1.598885,-4034.109131,-2751.849854,120.935913
127,0,-0.085474,-0.099345,1.591795,-4039.495361,-2713.170898,121.073288
128,0,-0.084824,-0.093906,1.587929,-4044.146973,-2674.30957,121.219444
129,0,-0.082105,-0.095127,1.579213,-4047.49292,-2635.228027,121.886604
130,0,-0.095552,-0.103912,1.562292,-4048.121826,-2596.69751,122.943588
131,0,-0.096951,-0.105245,1.55128,-4049.952148,-2557.019287,123.281441
132,0,-0.156412,-0.135049,1.515931,-4047.920654,-2516.766846,121.195999
133,0,-0.053369,-0.069152,1.583988,-4054.453857,-2474.912598,121.108688
134,0,-0.039467,-0.072242,1.583015,-4054.210205,-2434.896484,121.427063
135,0,-0.032591,-0.066618,1.573174,-4053.036621,-2394.093018,121.812592
136,0,-0.029412,-0.066032,1.559148,-4051.428711,-2353.381348,122.314278
137,0,-0.023972,-0.06509,1.548801,-4049.117188,-2312.412109,122.726562
138,0,-0.027824,-0.059765,1.53794,-4046.567383,-2270.4729,123.172287
139,0,-0.087917,-0.085854,1.455829,-4038.320068,-2225.949707,116.669525
140,0,-0.08834,-0.089704,1.439717,-4033.874512,-2183.287598,116.825401
141,0,-0.085269,-0.085866,1.424134,-4028.711426,-2140.318848,117.176949
142,0,-0.078365,-0.080135,1.414598,-4023.565186,-2097.059082,116.31749
143,0,-0.076424,-0.080667,1.400393,-4016.514404,-2053.383789,116.981186
144,0,-0.07291,-0.077144,1.383734,-4009.610107,-2009.830688,117.809952
145,0,-0.060898,-0.075755,1.357221,-4000.203125,-1966.258911,118.92952
146,0,-0.074493,-0.089786,1.344975,-3992.184082,-1921.856934,118.783607
147,0,-0.076055,-0.084774,1.331401,-3983.146484,-1877.676392,119.783737
148,0,-0.075116,-0.081723,1.319414,-3973.640625,-1832.809692,120.657326
149,0,-0.074782,-0.080164,1.306124,-3963.008301,-1788.064453,120.966759
150,0,-0.079671,-0.073657,1.293434,-3951.919922,-1743.118042,121.404556
151,0,-0.08561,-0.071528,1.276866,-3939.300293,-1699.264282,121.541756
152,0,-0.091084,-0.070344,1.268102,-3927.65918,-1654.229004,121.435303
153,0,-0.093902,-0.069552,1.258827,-3914.9021,-1610.051636,121.42308
154,0,-0.074025,-0.050901,1.245819,-3901.19873,-1566.415405,122.805557
155,0,-0.089959,-0.060951,1.224042,-3885.695557,-1523.736938,123.117455
156,0,-0.097331,-0.066415,1.206692,-3870.616699,-1481.121582,123.091171
157,0,-0.103276,-0.059969,1.195104,-3855.321289,-1439.014893,124.168823
158,0,-0.099866,-0.062446,1.170658,-3837.631592,-1397.376953,124.10511
159,0,-0.10578,-0.064578,1.157809,-3822.359863,-1355.236816,123.023575
160,0,-0.10702,-0.060779,1.147039,-3804.326904,-1314.380737,123.48719
161,0,-0.109695,-0.064009,1.131701,-3786.049805,-1273.562378,123.5476
162,0,-0.107103,-0.060799,1.118234,-3767.717285,-1233.256958,123.630722
163,0,-0.173134,-0.132192,1.124311,-3752.807373,-1189.698242,130.197861
164,0,-0.172325,-0.134023,1.107352,-3734.250732,-1148.481567,128.377396
165,0,-0.168011,-0.131774,1.092375,-3716.329346,-1108.588867,126.574608
166,0,-0.157535,-0.127317,1.074591,-3696.80835,-1069.096924,125.370026
167,0,-0.146187,-0.132741,1.067769,-3678.224121,-1033.17981,124.583092
168,0,0.004687,-0.054752,0.981954,-3606.201904,-1011.099792,147.790527
169,0,-0.076852,-0.04182,1.020663,-3622.426025,-961.54248,124.978546
170,0,-0.076476,-0.041731,1.004893,-3599.054199,-925.0047,124.980446
171,0,-0.057945,-0.026214,0.989235,-3574.156738,-889.164917,125.258553
172,0,-0.055144,-0.010243,0.981584,-3551.684326,-852.70575,122.957718
173,0,-0.057693,-0.00742,0.967542,-3526.870605,-817.270325,122.715744
174,0,-0.055731,-0.004741,0.952036,-3502.080322,-782.43335,122.451691
175,0,-0.058464,-0.015798,0.922931,-3472.942627,-749.378052,124.340721
176,0,-0.051998,-0.018928,0.901559,-3445.719482,-715.794495,124.652863
177,0,-0.082878,-0.034387,0.889736,-3418.567871,-682.921082,123.203491
178,0,-0.07975,-0.028257,0.878949,-3388.941895,-650.789917,124.382057
179,0,-0.089897,-0.029539,0.870422,-3356.878906,-620.439148,126.203598
180,0,-0.089176,-0.030092,0.856081,-3330.042969,-588.304382,125.069084
181,0,-0.032492,-0.028068,0.848004,-3312.152344,-551.660828,124.393982
182,0,-0.033502,-0.036094,0.833371,-3283.762207,-521.098267,124.219063
183,0,-0.030451,-0.037607,0.818047,-3253.934326,-490.817474,124.80204
184,0,-0.03089,-0.036456,0.803428,-3223.630371,-460.655762,124.778816
185,0,-0.029084,-0.038505,0.792077,-3194.479004,-430.669281,124.181465
186,0,-0.034324,-0.037559,0.781421,-3163.299561,-401.868073,124.429314
187,0,-0.078603,-0.044546,0.762129,-3133.005127,-372.788544,129.662338
188,0,-0.089734,-0.04366,0.744629,-3103.242188,-342.869415,128.412384
189,,,,,,,
190,0,-0.966161,-0.356526,0.778381,-3038.696045,-278.216797,121.461136
191,0,-0.948296,-0.341387,0.764968,-3003.908936,-251.989014,122.599777
192,0,-0.970782,-0.341175,0.745048,-2973.958008,-224.500351,120.890457
193,0,-0.136129,-0.075379,0.672232,-2935.889893,-209.650665,127.341347
194,0,-0.139345,-0.073151,0.658409,-2902.275635,-184.573883,127.242714
195,0,-0.144194,-0.074735,0.642667,-2867.658936,-159.541946,127.845467
196,0,-0.151305,-0.06191,0.633182,-2835.629395,-135.22821,125.755814
197,0,-0.150459,-0.063641,0.617794,-2800.90625,-111.335167,125.897598
198,0,-0.146244,-0.063058,0.59962,-2765.508789,-88.894981,125.830307
199,0,-0.091467,-0.028263,0.567613,-2730.988281,-65.828941,129.671585
200,0,-0.08454,-0.024966,0.553142,-2695.197021,-44.745354,128.96196
201,0,-0.079475,-0.023332,0.53845,-2659.033447,-23.879292,129.132187
202,0,-0.076935,-0.022132,0.523512,-2622.357422,-3.467258,129.307693
203,0,-0.071388,-0.027698,0.511647,-2585.481445,15.79186,129.234344
204,0,-0.074623,-0.032575,0.496551,-2548.561768,35.127277,129.726074
205,0,-0.076281,-0.029382,0.481479,-2511.269287,54.0401,129.933044
206,0,-0.073404,-0.025288,0.465029,-2473.898682,72.430069,130.39267
207,0,-0.07149,-0.026243,0.452418,-2435.754639,89.777557,130.204605
208,0,-0.065478,-0.022456,0.440026,-2398.028564,106.354706,130.180771
209,0,-0.069561,-0.019099,0.424607,-2359.748779,122.739204,130.060318
210,0,-0.076976,-0.01959,0.409985,-2321.499023,138.504166,130.725891
211,0,-0.069715,-0.018118,0.396602,-2283.038818,153.143936,130.647324
212,0,-0.074399,-0.018895,0.382081,-2244.442627,167.86586,130.676178
213,0,-0.075708,-0.017512,0.367412,-2205.397461,182.035065,130.704239
214,0,-0.076188,-0.017232,0.353743,-2166.133301,195.536301,130.635895
215,0,-0.074696,-0.011884,0.338246,-2126.892334,208.661575,131.084564
216,0,-0.073013,-0.011752,0.325494,-2087.370605,220.843445,131.09581
217,0,-0.076566,-0.014179,0.312432,-2047.697021,232.935974,130.933868
218,0,-0.072301,-0.014651,0.299722,-2008.005859,243.946991,130.858719
219,0,-0.065581,-0.016113,0.285754,-1968.013428,254.566605,130.85672
220,0,-0.071058,-0.015284,0.275372,-1927.588257,265.579681,130.125671
221,0,-0.076923,-0.013338,0.264249,-1886.861938,276.05249,130.312088
222,0,-0.084012,-0.014238,0.253913,-1846.117798,286.292572,130.206207
223,0,-0.085987,-0.012885,0.242694,-1804.542358,295.731812,129.721954
224,0,-0.089024,-0.010698,0.231892,-1762.801025,305.034271,129.599442
225,0,-0.079872,-0.01075,0.220743,-1720.902344,312.889465,129.169846
226,0,-0.078024,-0.010315,0.209302,-1678.617432,321.162506,129.066406
227,0,-0.080846,-0.014103,0.196461,-1636.162476,329.329315,128.686432
228,0,-0.079676,-0.016077,0.185186,-1592.982788,336.952301,128.582016
229,0,-0.076775,-0.017206,0.174431,-1549.353516,344.423187,128.435028
230,0,-0.067323,-0.012964,0.166416,-1505.175171,350.733612,128.710983
231,0,-0.064037,-0.011128,0.157749,-1460.603027,357.241333,128.794235
232,0,-0.059923,-0.009402,0.149965,-1415.769653,363.47348,128.693405
233,0,-0.059803,-0.007051,0.143128,-1370.843262,369.539337,128.161438
234,0,-0.058002,-0.011865,0.13495,-1325.551392,375.183044,128.697769
235,0,-0.054146,-0.013252,0.126299,-1279.768311,380.581238,129.43013
236,0,-0.052768,-0.015828,0.120454,-1233.223267,385.494995,129.48378
237,0,-0.051866,-0.014769,0.114701,-1186.095337,390.455963,129.119125
238,0,-0.027359,-0.013947,0.117662,-1137.930176,392.236725,131.279633
239,0,-0.015552,-0.014626,0.107573,-1089.720459,396.716003,132.207687
240,0,-0.017638,-0.017981,0.101555,-1041.108887,401.09494,132.340576
241,0,-0.013013,-0.019071,0.095926,-992.270203,405.146088,132.42453
242,0,-0.012577,-0.01816,0.091574,-942.335083,409.292847,132.51416
243,0,-0.027839,-0.019284,0.092608,-891.468262,412.5578,132.114685
244,0,-0.051567,-0.02757,0.074651,-841.705566,414.068573,133.631119
245,0,-0.046602,-0.031011,0.069458,-790.716431,417.52298,133.850357
246,0,-0.046696,-0.030695,0.065295,-738.389404,420.792053,134.216141
247,0,-0.04728,-0.029946,0.060669,-686.165283,423.745148,134.716507
248,0,-0.040173,-0.029921,0.059125,-633.64386,426.413452,134.865646
249,0,-0.036818,-0.029321,0.055566,-580.573486,429.006409,134.938141
250,0,-0.041305,-0.029505,0.050034,-526.516785,431.712524,134.789536
251,0,-0.043891,-0.030227,0.046163,-472.006409,434.663391,134.996735
252,0,-0.038729,-0.02857,0.043689,-417.134338,436.154541,135.515533
253,0,-0.037182,-0.028464,0.040902,-362.142883,438.216064,135.845352
254,0,-0.03781,-0.031226,0.035679,-305.857391,439.8909,136.028259
255,0,-0.03583,-0.028064,0.030599,-249.692322,441.284576,136.082687
256,0,-0.04094,-0.034388,0.02686,-192.195557,442.753815,136.393524
257,0,-0.045883,-0.033878,0.017557,-133.857697,443.971893,136.314529
258,0,-0.041538,-0.034624,0.013269,-76.153366,444.445129,136.918732
259,0,-0.036861,-0.037802,0.012843,-18.332039,445.264221,137.889481
260,0,-0.042071,-0.039276,0.010177,41.138641,445.465485,138.275146
261,0,-0.043227,-0.038716,0.002137,101.530647,445.217041,138.686859
262,0,-0.035194,-0.037338,0.000887,161.27063,444.554688,139.085907
263,0,-0.02188,-0.032611,0.006342,222.498825,444.40152,138.349258
264,0,-0.020434,-0.031462,-0.002517,283.524994,444.708527,138.91069
265,0,-0.031479,-0.030555,-0.005024,345.943939,443.43042,139.598877
266,0,-0.020897,-0.023569,-0.008838,407.735626,441.478363,139.575333
267,0,-0.019191,-0.024264,-0.016404,470.427887,439.101196,139.825073
268,0,-0.041154,-0.029094,-0.036181,532.923767,437.902191,139.829453
269,0,-0.052655,-0.030408,-0.046067,596.226074,435.905792,140.743958
270,0,-0.053182,-0.030829,-0.069873,658.870605,430.119904,142.537979
271,0,-0.048265,-0.028292,-0.059221,724.250183,428.246277,141.103867
272,0,-0.048045,-0.021987,-0.068427,788.883057,424.049713,141.158096
273,0,-0.053647,-0.016631,-0.075908,853.70282,419.042053,140.890961
274,0,-0.049243,-0.014475,-0.087679,918.371521,413.239349,141.140396
275,0,-0.056044,-0.020478,-0.106111,983.030273,407.280151,141.869293
276,0,-0.055212,-0.016519,-0.117833,1048.355225,400.739349,141.296097
277,0,-0.049708,-0.021469,-0.13534,1113.879517,393.115356,142.165497
278,0,-0.054426,-0.020156,-0.144803,1179.25354,384.595795,142.259262
279,0,-0.051225,-0.011469,-0.15814,1244.505493,375.83194,142.160797
280,0,-0.054952,-0.005825,-0.168798,1309.548218,366.358826,142.414886
281,0,-0.058337,-0.003109,-0.179909,1374.575073,355.844574,142.457291
282,0,-0.062113,-0.003211,-0.193767,1438.684448,344.544891,142.942307
283,0,-0.063101,-0.00345,-0.2102,1502.556885,332.631561,143.565506
284,0,-0.06745,-0.000669,-0.225166,1565.36499,319.744049,143.136322
285,0,-0.076024,0.001203,-0.239172,1629.15625,306.532623,143.375931
286,0,-0.072885,0.005106,-0.24822,1692.596802,292.570892,143.417191
287,0,-0.058947,0.009163,-0.241761,1752.798218,277.330383,145.015488
288,0,-0.056928,0.012934,-0.260087,1815.83728,261.675842,144.939499
289,0,-0.08078,0.006584,-0.301994,1879.301636,245.151215,143.677185
290,0,-0.061991,0.011177,-0.28855,1938.033813,228.176468,145.878983
291,0,-0.063354,0.014446,-0.312039,2001.299561,210.961639,144.962357
292,0,-0.067805,0.007549,-0.335399,2063.627441,192.486771,144.122437
293,0,-0.068753,0.009908,-0.348231,2123.85498,173.15654,144.320145
294,0,-0.073111,0.011511,-0.365945,2183.672363,153.211319,144.540955
295,0,-0.07286,0.010628,-0.379743,2242.587158,132.681488,145.060654
296,0,-0.070691,0.012187,-0.397019,2300.58667,111.413193,145.919724
297,0,-0.071949,0.009629,-0.418558,2358.690918,89.529251,145.860825
298,0,-0.077569,0.010491,-0.439072,2415.452881,67.055916,146.522461
299,0,-0.081661,0.0136,-0.459062,2471.594482,44.075935,146.946335
300,0,-0.083535,0.022752,-0.473368,2527.604004,20.460167,146.771988
301,0,-0.087405,0.027468,-0.493175,2583.082031,-3.914645,146.73111
302,0,-0.085876,0.032574,-0.512836,2637.281982,-28.749189,146.863022
303,0,-0.088563,0.035945,-0.530608,2691.219482,-54.095406,146.368011
304,0,-0.090601,0.03602,-0.557486,2744.241699,-79.855019,146.195877
305,0,-0.08851,0.042975,-0.574654,2797.132324,-105.94413,145.785126
306,0,-0.0929,0.038881,-0.598476,2848.420166,-132.443069,145.747589
307,0,-0.101005,0.038768,-0.627833,2899.022705,-159.881561,145.657791
308,0,-0.099913,0.030366,-0.647909,2947.263672,-187.745346,145.328812
309,0,-0.089991,0.034841,-0.671751,2999.33252,-215.871231,145.345261
310,0,-0.091088,0.04137,-0.701486,3043.29126,-245.405701,145.04863
311,0,-0.084782,0.039135,-0.728552,3090.850342,-274.823517,144.731186
312,0,-0.099308,0.045191,-0.754611,3136.721924,-304.597168,144.689255
313,0,-0.101706,0.046668,-0.781635,3183.460693,-334.968567,144.052963
314,0,-0.100899,0.047429,-0.80685,3227.392822,-366.012817,144.604233
315,0,-0.099797,0.047074,-0.83365,3270.925537,-397.976624,144.833023
316,0,-0.090191,0.050608,-0.854994,3312.893311,-430.011108,145.12822
317,0,-0.087623,0.052453,-0.881011,3354.587646,-462.849304,145.448532
318,0,-0.092869,0.058664,-0.905436,3395.762939,-495.609253,145.25499
319,0,-0.095253,0.066343,-0.93021,3436.190674,-528.542297,144.880981
320,0,-0.102448,0.066323,-0.960614,3474.471191,-561.762024,145.730209
321,0,-0.104239,0.065491,-0.989175,3512.085938,-595.251038,145.88913
322,0,-0.104737,0.064449,-1.022742,3548.938721,-629.815979,145.470322
323,0,-0.108316,0.06579,-1.047689,3585.067383,-664.251282,145.829041
324,0,-0.11502,0.072559,-1.073124,3620.329834,-698.765503,145.744888
325,0,-0.129147,0.084459,-1.104574,3656.602783,-737.9953,138.35788
326,0,-0.124138,0.082579,-1.130997,3688.773926,-773.323669,138.782516
327,0,-0.114792,0.078331,-1.155533,3719.743896,-809.339783,139.253616
328,0,-0.102415,0.07276,-1.180051,3749.916992,-845.376709,139.524353
329,0,-0.096628,0.070535,-1.204257,3779.711182,-881.458069,139.343567
330,0,-0.097714,0.076477,-1.227151,3809.058594,-917.668274,138.991806
331,0,-0.103812,0.081181,-1.252828,3837.356445,-953.90741,138.836609
332,0,-0.106493,0.08436,-1.276886,3864.210938,-990.256165,138.905563
333,0,-0.107521,0.08424,-1.300637,3889.538574,-1027.027222,139.372955
334,0,-0.106719,0.083246,-1.322519,3913.582031,-1063.966187,140.109711
335,0,-0.103871,0.08537,-1.341385,3936.702393,-1101.114868,140.532288
336,0,-0.099573,0.087505,-1.358469,3958.922363,-1138.335205,140.971619
337,0,-0.091342,0.088687,-1.374883,3980.150146,-1175.627197,141.357773
338,0,-0.088732,0.090798,-1.391317,4000.914062,-1213.223755,141.003662
339,0,-0.089345,0.093888,-1.407096,4020.771484,-1250.394775,140.534454
340,0,-0.088746,0.096449,-1.42617,4039.710449,-1288.278198,140.53244
341,0,-0.093946,0.100608,-1.444507,4057.246094,-1325.640381,140.601929
342,0,-0.099503,0.102349,-1.463164,4073.760498,-1363.001099,140.945709
343,0,-0.102518,0.102627,-1.480846,4088.634521,-1400.537109,141.495102
344,0,-0.100231,0.100636,-1.496622,4102.632812,-1438.102539,141.801514
345,0,-0.09973,0.099422,-1.509338,4115.61084,-1475.454102,142.03389
346,0,-0.095783,0.097558,-1.523931,4127.776855,-1513.584595,142.293716
347,0,-0.090639,0.096619,-1.532818,4139.109375,-1551.08606,141.841324
348,0,-0.084549,0.09326,-1.545577,4149.567383,-1589.367798,141.792511
349,0,-0.087354,0.094808,-1.555562,4159.315918,-1626.697632,140.975616
350,0,-0.092607,0.095127,-1.570373,4168.06543,-1664.905151,141.662308
351,0,-0.10033,0.096,-1.582244,4175.933105,-1702.642456,141.494324
352,0,-0.099995,0.096851,-1.591597,4182.366211,-1740.653198,141.671646
353,0,-0.098811,0.095428,-1.599408,4187.599609,-1778.671753,142.05632
354,0,-0.094586,0.092207,-1.603987,4191.92627,-1816.49353,141.969467
355,0,-0.10883,0.10187,-1.606793,4196.032715,-1854.19104,143.190903
356,0,-0.097276,0.093949,-1.61426,4198.459473,-1893.147217,143.221268
357,0,-0.09469,0.091125,-1.618238,4200.57373,-1931.634888,142.968597
358,0,-0.099653,0.092817,-1.624945,4202.332031,-1970.498901,142.636719
359,0,-0.090075,0.087371,-1.633422,4203.38916,-2009.768066,142.389862
360,0,-0.095394,0.092921,-1.64036,4203.868652,-2049.614502,141.843933
361,0,-0.090437,0.095154,-1.650329,4202.912109,-2090.24292,141.840927
362,0,-0.086975,0.091413,-1.655448,4201.594727,-2129.947754,141.672333
363,0,-0.091907,0.094375,-1.664205,4199.391602,-2169.894531,141.612045
364,0,-0.087108,0.084881,-1.676243,4196.206055,-2210.240234,141.3069
365,0,-0.084376,0.07595,-1.688701,4192.342773,-2251.017334,141.31723
366,0,-0.087839,0.077539,-1.702539,4188.116699,-2292.234131,141.082291
367,0,-0.081939,0.066535,-1.715146,4182.858887,-2334.321533,140.937363
368,0,-0.091745,0.079029,-1.728383,4177.703613,-2376.315186,141.069107
369,0,-0.085805,0.071771,-1.743769,4171.656738,-2418.258545,140.894302
370,0,-0.089445,0.072114,-1.760662,4164.313965,-2461.192871,141.079056
371,0,-0.083551,0.073265,-1.774483,4157.079102,-2503.833496,140.584824
372,0,-0.082117,0.072123,-1.788825,4148.956055,-2546.540039,140.700119
373,0,-0.091153,0.080512,-1.805729,4140.001465,-2590.218506,140.117981
374,0,-0.079424,0.079904,-1.818366,4130.012207,-2633.200684,140.456161
375,0,-0.081811,0.080333,-1.833838,4119.078613,-2676.72998,140.255936
376,0,-0.081079,0.080841,-1.847216,4107.838867,-2719.653564,140.055847
377,0,-0.084969,0.081083,-1.860729,4096.375977,-2761.921143,140.013077
378,0,-0.077836,0.081133,-1.873241,4083.283936,-2805.291748,139.512894
379,0,-0.079521,0.089019,-1.88728,4069.839355,-2848.3396,138.96965
380,0,-0.063967,0.077133,-1.896263,4055.914795,-2889.888184,140.362015
381,0,-0.062088,0.07641,-1.911349,4040.552734,-2932.07373,140.493637
382,0,-0.045073,0.061217,-1.921638,4023.808838,-2972.322998,142.272034
383,0,-0.062484,0.076824,-1.939916,4009.077637,-3014.511475,141.379471
384,0,-0.054994,0.076141,-1.948382,3991.806152,-3054.79248,142.243546
385,0,-0.065319,0.079136,-1.968445,3975.196045,-3096.102783,141.050156
386,0,-0.064925,0.078314,-1.983062,3957.536377,-3136.015381,140.869995
387,0,-0.063496,0.081151,-1.997493,3939.372314,-3175.929199,140.698273
388,0,-0.055521,0.083045,-2.009254,3920.291748,-3215.662598,140.378754
389,0,-0.051295,0.080888,-2.025024,3900.78125,-3254.594727,140.706192
390,0,-0.055421,0.089329,-2.041298,3881.000488,-3293.159424,140.707672
391,0,-0.053012,0.09064,-2.057223,3860.50293,-3331.24585,140.703613
392,0,-0.054744,0.083769,-2.074902,3839.138672,-3368.446289,141.001205
393,0,-0.030628,0.062434,-2.086026,3816.133301,-3404.37793,142.901169
394,0,-0.022272,0.058076,-2.101566,3793.801758,-3440.940918,143.283646
395,0,-0.030687,0.061561,-2.11863,3771.421143,-3477.329834,142.872803
396,0,-0.025031,0.056673,-2.134812,3748.424316,-3513.04834,142.707748
397,0,-0.059333,0.098064,-2.153254,3726.894775,-3550.142578,139.627289
398,0,-0.060768,0.08777,-2.170021,3702.696777,-3584.519043,139.998367
399,0,-0.054848,0.08903,-2.185218,3678.288818,-3618.592773,141.501419
400,0,-0.057338,0.083448,-2.198327,3653.205078,-3651.989258,141.560822
401,0,-0.056471,0.079906,-2.217246,3627.660889,-3685.942383,141.520142
402,0,-0.036729,0.056548,-2.225416,3599.354248,-3717.282471,143.993866
403,0,-0.019573,0.047414,-2.239377,3572.412598,-3749.418701,145.20105
404,0,-0.027381,0.052242,-2.254125,3545.597656,-3781.700928,144.380341
405,0,-0.022914,0.046202,-2.268332,3517.947754,-3813.218262,144.181915
406,0,-0.028705,0.074223,-2.279599,3491.116455,-3845.974854,143.013184
407,0,-0.006652,0.051149,-2.293649,3461.032227,-3875.774902,144.270157
408,0,0.003775,0.049179,-2.307046,3431.736328,-3906.213867,144.737793
409,0,-0.028306,0.085822,-2.326747,3404.553711,-3937.791748,141.631729
410,0,-0.055497,0.1178,-2.357549,3377.734619,-3966.294678,142.80423
411,0,-0.020027,0.080455,-2.364381,3342.631348,-3993.078369,146.165756
412,0,-0.039656,0.083505,-2.387955,3314.127686,-4024.419678,142.012634
413,0,-0.034658,0.079316,-2.397037,3282.457031,-4052.191162,142.326981
414,0,-0.036842,0.082618,-2.411738,3251.429932,-4080.089111,141.560852
415,0,-0.007398,0.041499,-2.424593,3217.437744,-4105.786133,144.943527
416,0,-0.014629,0.042947,-2.447221,3184.989258,-4132.655762,144.794144
417,0,-0.019289,0.049265,-2.457485,3153.074463,-4158.720215,144.176804
418,0,-0.015093,0.036958,-2.474741,3119.361328,-4183.711426,144.9189
419,0,0.066443,-0.298365,-2.580129,3073.19751,-4188.683594,146.571167
420,0,0.059253,-0.402358,-2.613806,3036.496826,-4207.491699,147.145721
421,0,-0.103124,0.214478,-2.451887,3031.438232,-4256.802734,138.64827
422,0,-0.100911,0.202247,-2.476753,2996.262939,-4280.961426,139.244293
423,0,-0.088291,0.168093,-2.513914,2961.455322,-4307.063965,139.406265
424,0,-0.064472,0.148212,-2.5478,2925.871094,-4332.016113,139.692719
425,0,-0.052924,0.145413,-2.562347,2889.583984,-4354.017578,140.855301
426,0,-0.049537,0.144361,-2.577567,2853.01123,-4374.923828,141.747543
427,0,-0.059069,0.152548,-2.593046,2816.792725,-4396.224609,141.509064
428,0,-0.056008,0.153417,-2.605832,2779.554932,-4416.201172,141.674789
429,0,-0.053968,0.145936,-2.623044,2742.477539,-4435.307129,143.166122
430,0,-0.051762,0.140626,-2.637783,2705.114014,-4453.939941,143.866379
431,0,-0.047142,0.140258,-2.652696,2667.306885,-4472.213867,144.230942
432,0,-0.049422,0.141633,-2.669744,2630.316895,-4489.968262,144.917252
433,0,-0.048551,0.12712,-2.691998,2593.46875,-4508.005371,144.85347
434,0,-0.047385,0.122114,-2.706141,2555.53418,-4524.310059,145.696121
435,0,-0.041808,0.113424,-2.719062,2517.8125,-4540.165039,146.790543
436,0,-0.033588,0.122389,-2.731311,2479.237793,-4556.006836,147.094711
437,0,-0.033727,0.117947,-2.746029,2440.786621,-4571.067871,147.359283
438,0,-0.034827,0.113044,-2.759867,2402.079834,-4585.394531,147.607941
439,0,-0.030888,0.104604,-2.772599,2363.328857,-4598.994141,148.002609
440,0,-0.032604,0.111714,-2.789733,2325.421875,-4612.969238,147.868805
441,0,-0.02576,0.113032,-2.801491,2285.942871,-4626.379883,147.086548
442,0,-0.02002,0.108275,-2.812257,2246.880127,-4638.233398,148.192245
443,0,-0.013964,0.098928,-2.823301,2207.204346,-4650.116211,148.307938
444,0,-0.01481,0.10067,-2.835564,2167.536377,-4661.566895,148.152649
445,0,-0.017251,0.100573,-2.847726,2127.950439,-4672.299805,148.640518
446,0,-0.016455,0.103621,-2.858784,2088.078613,-4683.237305,148.061722
447,0,-0.014191,0.098652,-2.868964,2048.439941,-4692.705078,148.686432
448,0,-0.011454,0.111388,-2.8774,2001.505859,-4697.995117,152.265579
449,0,-0.011632,0.11659,-2.886952,1961.144409,-4707.679199,151.687119
450,0,-0.010469,0.115815,-2.895573,1920.580811,-4716.884766,151.305756
451,0,-0.012008,0.110056,-2.905595,1879.352783,-4725.461914,150.83963
452,0,-0.016346,0.111344,-2.914238,1837.999512,-4733.911621,150.68103
453,0,-0.018846,0.106976,-2.923672,1796.679443,-4742.007324,150.950851
454,0,-0.020937,0.098925,-2.934138,1754.294434,-4749.876953,151.079376
455,0,-0.021964,0.095461,-2.943066,1712.385864,-4757.421387,152.040161
456,0,-0.026959,0.091127,-2.950725,1668.869751,-4764.710938,151.236557
457,0,-0.026959,0.099316,-2.960511,1625.581543,-4771.848145,151.709061
458,0,-0.027251,0.088511,-2.969878,1581.40564,-4778.266113,150.987579
459,0,-0.03425,0.083505,-2.978748,1536.571289,-4784.621094,150.6539
460,0,-0.035752,0.082935,-2.986823,1491.203979,-4791.17334,150.470215
461,0,-0.033472,0.089008,-2.994317,1445.162476,-4797.342773,150.375885
462,0,-0.023366,0.080812,-3.000605,1399.267944,-4803.356934,149.964447
463,0,-0.023699,0.073732,-3.003997,1352.99231,-4809.106934,150.038727
464,0,-0.029029,0.069498,-3.011283,1305.89563,-4814.24707,149.782227
465,0,-0.027648,0.072419,-3.016096,1258.654419,-4819.568848,149.712524
466,0,-0.031551,0.07017,-3.024546,1210.760376,-4824.359375,149.628159
467,0,-0.036787,0.062482,-3.028698,1162.519531,-4829.337891,149.762451
468,0,-0.032758,0.069275,-3.035157,1113.08313,-4834.42627,150.268661
469,0,-0.030179,0.064084,-3.040647,1063.185547,-4839.136719,149.688263
470,0,-0.030501,0.063553,-3.044239,1012.740967,-4843.864746,149.028412
471,0,-0.029538,0.066958,-3.051852,962.174072,-4848.260254,148.895386
472,0,-0.032074,0.062697,-3.057727,911.072449,-4852.296875,148.400436
473,0,-0.036551,0.064088,-3.064232,858.962952,-4856.268066,148.335449
474,0,-0.038638,0.064092,-3.068743,806.693481,-4860.033203,148.238846
475,0,-0.035391,0.087301,-3.079913,752.674744,-4863.314941,148.092865
476,0,-0.040744,0.081825,-3.082389,699.361511,-4866.458496,148.123062
477,0,-0.043921,0.081646,-3.08557,644.796814,-4869.236328,147.504715
478,0,-0.046237,0.082496,-3.091223,589.776855,-4871.950195,147.121323
479,0,-0.044093,0.074434,-3.092547,534.783203,-4874.594727,146.734344
480,0,-0.044939,0.080928,-3.094702,479.149567,-4876.911133,146.804489
481,0,-0.033666,0.079444,-3.092018,422.771362,-4879.449707,145.95105
482,0,-0.03496,0.079494,-3.095926,366.191681,-4881.261719,145.960846
483,0,-0.035576,0.072916,-3.09926,309.450134,-4882.845703,145.90242
484,0,-0.034457,0.076472,-3.102644,251.635162,-4884.427246,145.60997
485,0,-0.038387,0.077141,-3.107899,193.615509,-4885.991211,145.464661
486,0,-0.042282,0.078517,-3.109329,135.162277,-4887.344727,145.20575
487,0,-0.043324,0.064928,-3.113407,76.973389,-4888.17041,145.788925
488,0,-0.047371,0.069331,-3.119729,17.01499,-4888.733887,145.393127
489,0,-0.050767,0.072259,-3.12413,-43.166103,-4889.176758,145.69577
490,0,-0.054124,0.072772,-3.132709,-104.250069,-4889.341797,145.456604
491,0,-0.054427,0.077066,-3.139182,-165.899948,-4888.973633,145.456406
492,0,-0.050556,0.067934,-3.144605,-227.853958,-4888.566895,145.490738
493,0,-0.04698,0.067848,-3.148981,-290.282257,-4887.601074,145.506363
494,0,-0.042091,0.063163,-3.157141,-353.471741,-4885.795898,145.210419
495,0,-0.043169,0.071578,-3.165173,-416.720276,-4883.916016,145.146423
496,0,-0.041391,0.071854,-3.175633,-480.588287,-4881.948242,145.105698
497,0,-0.032832,0.075896,-3.182095,-545.123779,-4879.586914,144.358887
498,0,-0.029361,0.065838,-3.193358,-609.668884,-4876.498047,143.977753
499,0,-0.023291,0.062721,-3.202036,-674.801819,-4872.76123,143.455994
500,0,-0.012801,0.070476,-3.212585,-740.125305,-4869.068359,142.359772
501,0,-0.016187,0.085671,-3.220684,-804.918274,-4865.445312,141.60321
502,0,-0.003334,0.063271,-3.223578,-868.873047,-4861.576172,141.107407
503,0,-0.004297,0.04386,-3.23521,-933.622375,-4855.529297,140.619751
504,0,-0.003196,0.047689,-3.246226,-999.088196,-4849.035645,139.77359
505,0,-0.005419,0.07062,-3.258908,-1063.943604,-4843.250488,139.305511
506,0,-0.01352,0.104859,-3.270306,-1129.500732,-4836.546875,138.474472
507,0,-0.015837,0.08668,-3.283261,-1195.004028,-4827.882812,138.199585
508,0,-0.010053,0.083981,-3.302161,-1259.89502,-4821.286133,138.014114
509,0,-0.012648,0.086569,-3.317316,-1325.386597,-4811.208984,138.059479
510,0,-0.015163,0.108319,-3.332697,-1390.46582,-4801.308594,138.007828
511,0,-0.017576,0.12789,-3.3453,-1454.812256,-4790.806641,138.090714
512,0,-0.019483,0.129741,-3.359387,-1519.478882,-4778.713867,138.260101
513,0,-0.02213,0.109545,-3.373465,-1583.479248,-4765.888184,138.223038
514,0,-0.010939,0.110126,-3.384554,-1647.425781,-4751.787109,138.705063
515,0,0.003256,0.122026,-3.397327,-1710.762695,-4737.617676,138.778046
516,0,0.013363,0.129136,-3.410908,-1773.688843,-4722.939941,138.8508
517,0,0.032239,0.156475,-3.418988,-1836.928589,-4708.064941,138.622162
518,0,0.037734,0.13968,-3.437493,-1898.594727,-4691.424316,138.256409
519,0,0.033954,0.126326,-3.459609,-1960.884033,-4674.806641,137.925995
520,0,0.039642,0.150412,-3.474349,-2021.122925,-4657.199707,137.212219
521,0,0.044046,0.158572,-3.492605,-2081.977295,-4639.116699,137.192047
522,0,0.040697,0.162382,-3.514008,-2142.469971,-4619.686035,137.359528
523,0,0.048737,0.155921,-3.537966,-2201.10376,-4599.355469,135.710464
524,0,0.047735,0.16792,-3.554569,-2259.865234,-4578.832031,134.949127
525,0,0.055795,0.183125,-3.572038,-2318.73291,-4557.631836,135.480133
526,0,0.055623,0.184832,-3.595201,-2375.78833,-4535.306152,135.124557
527,0,0.062156,0.159505,-3.603388,-2405.394531,-4495.303223,144.233032
528,0,0.066547,0.166903,-3.628878,-2470.812744,-4477.844727,139.364304
529,0,0.069133,0.176455,-3.651022,-2526.507324,-4454.137695,138.759369
530,0,0.068984,0.173062,-3.670747,-2580.217285,-4429.004395,138.547913
531,0,0.063987,0.163905,-3.695463,-2635.780762,-4404.972168,138.367477
532,0,0.071164,0.174002,-3.713657,-2687.159668,-4378.598145,138.445511
533,0,0.087884,0.179157,-3.733725,-2738.161133,-4351.693359,138.330139
534,0,0.091827,0.180735,-3.755176,-2788.022705,-4324.139648,138.607101
535,0,0.107803,0.191364,-3.776699,-2840.057373,-4296.937988,137.369858
536,0,0.112945,0.197935,-3.79641,-2886.376221,-4267.571777,138.49057
537,0,0.124031,0.211862,-3.817357,-2933.491699,-4238.312988,138.940308
538,0,0.121276,0.20295,-3.838885,-2980.362793,-4208.478027,139.077179
539,0,0.110348,0.189024,-3.873693,-3031.978027,-4180.560059,136.472519
540,0,0.110476,0.180183,-3.896976,-3077.820557,-4150.312988,136.158875
541,0,0.117587,0.194848,-3.922069,-3122.473877,-4119.845703,136.106857
542,0,0.141444,0.230166,-3.945543,-3168.016846,-4089.291504,135.062775
543,0,0.142334,0.216137,-3.96976,-3211.147705,-4057.56665,134.636108
544,0,0.148819,0.229639,-3.992882,-3253.642822,-4025.258057,133.720413
545,0,0.154411,0.240935,-4.018489,-3295.181152,-3992.487305,133.310669
546,0,0.156193,0.227275,-4.041857,-3333.753174,-3958.826172,134.010361
547,0,0.172121,0.231964,-4.070021,-3375.020752,-3925.710449,132.789642
548,0,0.19525,0.261655,-4.099369,-3413.721924,-3891.463135,131.903412
549,0,0.169479,0.237872,-4.114214,-3449.661133,-3857.728516,132.992538
550,0,0.058848,0.419175,-4.151715,-3504.594971,-3831.329834,126.148315
551,0,0.118199,0.516605,-4.222517,-3529.934326,-3790.492676,126.014442
552,0,0.124582,0.514076,-4.245866,-3564.317871,-3755.522705,125.769508
553,0,0.185586,0.25664,-4.222227,-3610.325684,-3727.040283,109.201935
554,0,0.190288,0.258175,-4.245151,-3642.440918,-3691.121582,109.422005
555,0,0.193097,0.259576,-4.268661,-3673.52124,-3655.072266,109.466049
556,0,0.197752,0.261238,-4.29115,-3703.827393,-3618.806885,109.385338
557,0,0.200378,0.259192,-4.313412,-3733.053467,-3582.194824,109.181007
558,0,0.211026,0.269911,-4.335339,-3761.079102,-3545.128174,109.149605
559,0,0.216384,0.269775,-4.355537,-3788.025635,-3508.127441,109.553848
560,0,0.234542,0.269845,-4.371361,-3814.368408,-3471.077148,109.566803
561,0,0.24223,0.271192,-4.3899,-3839.404785,-3434.066895,109.636742
562,0,0.234533,0.254784,-4.413502,-3862.536377,-3396.209717,110.085754
563,0,0.233267,0.248462,-4.434158,-3885.1875,-3358.591553,110.086594
564,0,0.243212,0.252917,-4.452582,-3907.293945,-3320.995361,109.866692
565,0,0.258845,0.263156,-4.470106,-3928.49585,-3283.314453,109.779076
566,0,0.26456,0.273163,-4.491758,-3947.820068,-3244.877441,110.386368
567,0,0.260026,0.273973,-4.512292,-3966.223389,-3207.317627,110.709915
568,0,0.308323,0.350293,-4.514354,-3980.840088,-3166.470703,116.359367
569,0,0.301752,0.352207,-4.531984,-3997.531006,-3128.617432,116.407135
570,0,0.283344,0.296174,-4.55526,-4011.85376,-3088.543457,118.423256
571,0,0.270882,0.306516,-4.570351,-4026.880859,-3050.648193,119.101486
572,0,0.263918,0.326594,-4.586945,-4040.326172,-3012.387451,119.709358
573,0,0.256085,0.311586,-4.60487,-4053.101074,-2974.494629,119.972961
574,0,0.254632,0.287149,-4.611672,-4064.493164,-2936.562744,120.045235
575,0,0.247891,0.277603,-4.624764,-4074.714111,-2897.875977,120.445038
576,0,0.24541,0.275206,-4.634329,-4084.286133,-2859.681152,120.510201
577,0,0.244417,0.269143,-4.644576,-4092.801514,-2820.972168,120.663322
578,0,0.244948,0.280498,-4.653696,-4100.269043,-2782.733154,120.889641
579,0,0.238909,0.284479,-4.663643,-4107.015625,-2744.259766,121.449898
580,0,0.24332,0.279244,-4.666245,-4112.981934,-2706.517822,122.000992
581,0,0.246307,0.275477,-4.674649,-4117.58252,-2667.69043,122.174736
582,0,0.231104,0.279078,-4.681472,-4121.179688,-2629.007324,122.516617
583,0,0.235544,0.263102,-4.693767,-4124.129883,-2591.229248,123.596214
584,0,0.23046,0.254238,-4.704872,-4126.169922,-2552.098633,123.468246
585,0,0.226746,0.261611,-4.712781,-4127.977539,-2512.656982,124.191589
586,0,0.276104,0.310398,-4.717827,-4127.711914,-2472.717285,124.486153
587,0,0.291824,0.311049,-4.727037,-4127.112305,-2432.712646,124.846916
588,0,0.289562,0.310799,-4.739333,-4126.333984,-2392.531006,125.327271
589,0,0.288346,0.323202,-4.749875,-4124.92627,-2352.035889,125.588493
590,0,0.250595,0.310649,-4.773371,-4121.725586,-2311.590088,126.2808
591,0,0.239138,0.317638,-4.78673,-4118.899902,-2270.572266,126.799927
592,0,0.29202,0.294217,-4.801773,-4114.312012,-2223.140869,118.030136
593,0,0.255575,0.253914,-4.814896,-4111.626465,-2180.192139,116.783615
594,0,0.278537,0.271885,-4.827875,-4105.631836,-2137.928955,117.471542
595,0,0.264003,0.266166,-4.847193,-4099.03125,-2095.929199,117.851089
596,0,0.262723,0.270662,-4.859629,-4092.848877,-2053.520996,118.263062
597,0,0.242299,0.26254,-4.869895,-4085.919922,-2010.942017,118.514061
598,0,0.261218,0.281133,-4.884081,-4078.924561,-1967.227539,119.082466
599,0,0.24814,0.284695,-4.89796,-4070.555664,-1923.673584,119.568413
600,0,0.260362,0.302753,-4.914114,-4061.401367,-1879.710693,120.251282
601,0,0.263052,0.279663,-4.930079,-4053.063477,-1835.970215,121.096321
602,0,0.361157,0.324354,-4.924842,-4044.516113,-1791.549316,120.198204
603,0,0.349749,0.301343,-4.937171,-4034.48999,-1747.663208,119.624527
604,0,0.379699,0.324561,-4.950458,-4022.068115,-1703.488892,120.507271
605,0,0.311774,0.240962,-4.972573,-4010.490967,-1659.374023,120.372864
606,0,0.407314,0.313481,-4.974191,-3996.326904,-1615.873291,120.740013
607,0,0.396214,0.289155,-4.987099,-3983.297852,-1572.061279,121.056602
608,0,0.415174,0.290488,-5.000566,-3969.969971,-1528.908691,120.112259
609,0,0.444722,0.262211,-5.010793,-3953.903076,-1486.188477,121.914009
610,0,0.385362,0.268033,-5.045535,-3935.749023,-1443.360596,123.455887
611,0,0.40173,0.269371,-5.059284,-3920.418457,-1401.134888,123.325272
612,0,0.382878,0.285319,-5.073793,-3902.533447,-1359.144165,123.518311
613,0,0.413698,0.283492,-5.087766,-3885.334473,-1316.907471,123.577728
614,0,0.430011,0.285592,-5.103235,-3867.119629,-1275.346313,123.372887
615,0,0.439527,0.273916,-5.113252,-3849.669189,-1234.135254,122.418526
616,0,0.430983,0.25111,-5.129377,-3830.208008,-1193.581543,122.938499
617,0,0.392059,0.271814,-5.159597,-3808.815186,-1154.065063,123.811089
618,0,0.447681,0.276605,-5.155291,-3791.722168,-1113.607788,122.880402
619,0,0.430848,0.277009,-5.172862,-3769.102539,-1075.046021,123.57589
620,0,0.389257,0.259144,-5.200789,-3746.13623,-1036.784546,124.150352
621,0,0.450767,0.276848,-5.204568,-3723.221924,-998.8349,124.259026
622,0,0.490561,0.272004,-5.208992,-3706.032715,-959.641602,123.887703
623,0,0.476409,0.274051,-5.22807,-3683.489014,-921.743713,123.429901
624,0,0.450734,0.226398,-5.24826,-3659.848389,-885.179199,122.92646
625,0,0.460931,0.211178,-5.260904,-3635.73584,-848.57666,121.858711
626,0,0.474523,0.225037,-5.281372,-3608.622314,-813.550415,123.323677
627,0,0.439165,0.219129,-5.312358,-3581.613281,-778.953674,124.184456
628,0,0.597649,0.256322,-5.292375,-3560.449219,-742.887573,123.060951
629,0,0.484002,0.217448,-5.329304,-3530.780518,-710.078247,123.843002
630,0,0.469872,0.193633,-5.347363,-3503.428711,-676.611267,124.390297
631,0,0.534438,0.223535,-5.352365,-3474.820312,-644.244812,124.818481
632,0,0.567693,0.211014,-5.363658,-3447.652832,-611.26532,124.58255
633,0,0.555567,0.211777,-5.382794,-3419.582031,-579.451721,124.579628
634,0,0.558644,0.202014,-5.399329,-3389.427979,-548.259583,125.358734
635,0,0.565486,0.197107,-5.415139,-3361.745361,-517.128601,124.916191
636,0,0.579774,0.219708,-5.426569,-3333.543945,-486.565643,124.67527
637,0,0.541227,0.230827,-5.449759,-3302.095947,-457.440613,126.269821
638,0,0.505072,0.233427,-5.468956,-3272.384766,-428.189972,126.554161
639,0,0.561841,0.272971,-5.475359,-3242.050781,-399.06723,126.430664
640,0,0.341736,0.326457,-5.495192,-3224.578125,-365.511169,126.12085
641,0,0.394821,0.373662,-5.506558,-3194.286133,-335.918091,125.603302
642,0,0.191118,0.264191,-5.538904,-3162.15918,-308.76178,124.814323
643,0,0.604608,0.288487,-5.528284,-3126.764893,-282.379852,121.221069
644,0,0.563682,0.240948,-5.553377,-3093.654297,-255.806274,121.401855
645,0,0.572777,0.234534,-5.565347,-3060.723633,-229.975113,121.683517
646,0,0.640355,0.249167,-5.56399,-3025.693604,-205.531281,122.717155
647,0,0.702291,0.261216,-5.577113,-2983.607666,-184.802338,127.607033
648,0,0.737549,0.26235,-5.587729,-2950.30957,-160.118774,127.464012
649,0,0.792645,0.246786,-5.593072,-2915.560791,-136.144043,127.743973
650,0,0.748975,0.229004,-5.617186,-2879.93042,-113.369949,128.330231
651,0,0.795354,0.21905,-5.623657,-2845.822754,-90.151047,127.710152
652,0,0.822531,0.201802,-5.647116,-2828.088135,-56.230637,129.613022
653,0,0.732906,0.211265,-5.665658,-2791.337646,-36.804703,129.768188
654,0,0.742409,0.237297,-5.675592,-2755.185791,-16.281511,129.415131
655,0,0.815991,0.310234,-5.670893,-2718.842773,3.778126,128.712982
656,0,0.990251,0.379364,-5.649326,-2682.416992,24.330948,128.875763
657,0,0.876149,0.276528,-5.69769,-2645.595459,43.992004,129.724075
658,0,0.848797,0.260345,-5.718102,-2608.544678,62.857391,129.789734
659,0,0.935722,0.295582,-5.715979,-2571.450439,81.466599,129.758423
660,0,0.899407,0.307758,-5.736996,-2533.848389,98.71682,130.182587
661,0,0.933607,0.300098,-5.74528,-2496.463623,115.635117,130.48674
662,0,0.844735,0.336784,-5.771749,-2458.268066,131.42189,129.812851
663,0,0.883175,0.327753,-5.781521,-2420.075684,147.930817,130.55661
664,0,1.003099,0.276175,-5.775545,-2381.979248,163.46225,130.532425
665,0,1.095039,0.233349,-5.774987,-2343.362549,178.667984,130.981964
666,0,1.174751,0.26672,-5.769965,-2304.525146,193.016754,130.486664
667,0,1.243752,0.205547,-5.770707,-2265.675781,207.212738,130.434448
668,0,1.313373,0.217268,-5.767654,-2226.648193,220.766312,130.412521
669,0,1.475924,0.219705,-5.739407,-2187.352539,233.639191,130.216614
670,0,1.27022,0.226354,-5.80773,-2147.791992,245.523209,130.068192
671,0,1.396239,0.268745,-5.789506,-2108.405518,257.177765,131.011642
672,0,1.407429,0.308278,-5.796251,-2068.948975,268.435181,131.078522
673,0,1.456439,0.318933,-5.795283,-2028.935425,279.352264,130.705505
674,0,1.589475,0.295405,-5.772329,-1988.835815,290.23819,130.41275
675,0,1.691954,0.316223,-5.753652,-1948.667114,300.673157,130.058228
676,0,1.75591,0.337367,-5.745939,-1908.149902,310.579346,129.952866
677,0,2.019379,0.429502,-5.658755,-1867.523071,320.672821,129.665222
678,0,2.089958,0.354119,-5.647858,-1825.979248,329.279327,129.322922
679,0,1.93042,0.226588,-5.726277,-1784.456055,337.350464,129.040833
680,0,1.802892,0.137621,-5.783324,-1743.10083,345.187836,129.745193
681,0,2.07622,0.22334,-5.699024,-1701.392212,353.366333,129.053238
682,0,2.357894,0.395996,-5.587454,-1659.738281,361.037994,128.524353
683,0,1.895482,0.292173,-5.780833,-1617.629517,366.885315,129.653946
684,0,1.915933,0.314586,-5.7834,-1574.592529,373.633636,129.476486
685,0,2.267885,0.413131,-5.653348,-1531.263062,380.643799,128.977722
686,0,2.342285,0.465092,-5.629626,-1487.261353,386.708771,128.768723
687,0,2.430404,0.57789,-5.590278,-1443.082764,392.708771,128.52153
688,0,1.978039,0.565865,-5.783834,-1398.256958,397.714508,128.842087
689,0,2.529535,0.697901,-5.55453,-1352.678223,403.998322,128.01268
690,0,2.074215,0.485688,-5.77693,-1306.740356,408.792419,129.663971
691,0,2.375693,0.666599,-5.647567,-1260.370728,414.025055,129.654251
692,0,2.650841,0.828239,-5.507442,-1213.389038,418.61972,128.863159
693,0,2.790792,0.887233,-5.434078,-1165.732788,423.164551,128.578751
694,0,2.476891,0.992646,-5.574844,-1118.171387,426.778168,129.603287
695,0,2.773945,1.136266,-5.406636,-1069.843872,431.141907,129.575546
696,0,2.521681,1.233412,-5.512339,-1021.197693,434.054657,129.587723
697,0,3.570288,1.24588,-4.896611,-971.466248,432.430267,132.572754
698,0,3.294667,1.86343,-4.899637,-921.22345,435.902496,133.670853
699,0,3.077258,1.940901,-5.014021,-870.675354,438.712189,133.581802
700,0,3.162138,2.130753,-4.885801,-820.063599,441.906372,133.691101
701,0,3.269313,2.1387,-4.816249,-768.59137,445.034668,134.188751
702,0,3.573508,2.389982,-4.471992,-716.563477,447.94165,134.253571
703,0,3.472091,2.503568,-4.497364,-663.836487,450.50647,134.376358
704,0,3.355745,2.827514,-4.401091,-610.801697,453.095459,134.458481
705,0,3.596345,2.846612,-4.197418,-557.824463,455.342041,134.567337
706,0,3.648351,2.984591,-4.057488,-503.164948,457.472473,134.803421
707,0,4.024005,3.108742,-3.584094,-448.68396,459.498138,134.838943
708,0,3.962259,3.204668,-3.575805,-393.580109,460.832977,135.198761
709,0,4.145615,3.39594,-3.172091,-338.100922,461.900238,135.519608
710,0,4.049323,3.852474,-2.74614,-281.800293,463.231964,135.941925
711,0,4.406991,3.908517,-2.018758,-224.966309,463.898285,136.181412
712,0,4.556149,3.915282,-1.632836,-167.898087,464.911774,136.468826
713,0,4.494074,3.956682,-1.70945,-110.431648,465.625122,137.07663
714,0,4.263443,4.455123,-0.879317,-52.219906,465.798523,137.378143
715,0,4.456845,4.314833,-0.524355,6.866779,465.711578,137.950516
716,0,4.510288,4.291601,0.194042,66.11525,465.233185,138.753922
717,0,4.486325,4.174428,1.095774,126.515327,464.419952,138.79715
718,0,5.135266,3.294569,1.225459,186.295456,463.132965,139.248306
719,0,4.907533,3.180295,2.154151,247.938766,462.664062,138.845657
720,0,4.678349,2.918707,2.892891,309.022888,460.831696,139.231277
721,0,4.980527,2.156499,3.040479,371.770996,460.869171,138.214066
722,0,4.924861,2.124757,3.134535,433.579163,458.690186,139.600891
723,0,3.699482,2.413741,4.357537,496.074829,454.199615,140.815628
724,0,4.067168,2.274497,4.114793,559.707947,453.301239,140.319794
725,0,3.714868,2.19584,4.459564,623.232483,449.975983,140.82373
726,0,2.777281,1.953806,5.189987,686.867126,444.847839,141.872299
727,0,1.965043,1.813453,5.590077,751.428955,439.499146,141.7957
728,0,1.742722,1.320796,5.789278,816.673157,434.385986,141.448227
729,0,1.959401,0.83246,5.80114,881.149597,428.741943,141.334244
730,0,2.704884,0.714786,5.489414,946.202637,424.069244,141.151352
731,0,2.355727,0.757918,5.622603,1010.831848,417.310944,141.41243
732,0,2.08791,0.778588,5.716405,1075.389771,409.088501,141.910843
733,0,2.191843,0.690375,5.677053,1140.456665,400.509491,142.3685
734,0,1.942998,0.544384,5.774878,1205.18457,391.222809,142.658722
735,0,1.978028,0.350947,5.763814,1270.105591,381.036469,142.825546
736,0,1.891021,0.22433,5.787293,1334.805298,370.163208,142.171356
737,0,1.874618,0.115951,5.783515,1398.745728,358.708252,142.536026
738,0,1.786169,0.01678,5.800911,1462.742188,346.500916,142.691544
739,0,1.759254,0.020622,5.792992,1525.856812,333.455109,142.871979
740,0,1.443418,-0.125749,5.890768,1588.546021,319.872131,144.293991
741,0,1.466538,-0.073283,5.877457,1651.792114,305.575104,144.796814
742,0,1.646679,-0.053121,5.794941,1716.893311,290.584595,143.612793
743,0,1.531554,-0.185761,5.814565,1780.397583,274.830688,143.546295
744,0,1.36252,-0.229916,5.84212,1842.238403,258.487305,143.894669
745,0,1.462885,-0.202917,5.791507,1903.780151,240.961395,143.450729
746,0,1.374506,-0.272766,5.798562,1965.028809,223.844208,144.028702
747,0,1.18624,-0.18938,5.823112,2027.037598,206.185684,143.97084
748,0,1.124694,-0.181536,5.817101,2087.005859,187.41684,144.230957
749,0,1.060884,-0.173465,5.811914,2146.276611,168.084946,144.338867
750,0,0.994388,-0.184177,5.80211,2205.299316,148.071747,144.710648
751,0,0.993016,-0.185539,5.781029,2263.07666,127.228317,145.282593
752,0,0.91192,-0.172022,5.774117,2320.379639,105.76046,145.859192
753,0,0.954463,-0.156464,5.744085,2377.27124,83.390213,146.402374
754,0,0.970325,-0.134293,5.717538,2433.476562,60.44397,146.46962
755,0,0.954351,-0.160259,5.698357,2489.013184,37.174622,147.01123
756,0,0.940451,-0.234671,5.681721,2543.530273,13.2773,147.422531
757,0,0.881611,-0.291038,5.667909,2597.780273,-11.347574,147.020477
758,0,0.808569,-0.330324,5.661229,2652.131836,-36.269176,146.640045
759,0,0.776288,-0.357509,5.644578,2704.513428,-62.08115,146.694458
760,0,0.820762,-0.436959,5.611419,2757.441895,-87.970467,146.925049
761,0,0.811112,-0.417489,5.586587,2809.248291,-114.412758,146.645752
762,0,0.839009,-0.387445,5.554878,2859.35376,-141.437256,146.589615
763,0,0.896113,-0.413009,5.522792,2908.550049,-169.033081,145.858566
764,0,0.780844,-0.407749,5.511888,2956.172607,-197.289978,145.426941
765,0,0.692871,-0.341737,5.504494,3004.931152,-226.299225,144.616638
766,0,0.643372,-0.325645,5.486653,3048.701416,-255.799973,145.396774
767,0,0.682319,-0.343498,5.453527,3096.647705,-285.721008,144.253723
768,0,0.64135,-0.315941,5.43247,3142.265137,-315.641022,143.935638
769,0,0.646513,-0.333665,5.40472,3186.496338,-346.22998,143.799042
770,0,0.617502,-0.318877,5.381628,3228.085449,-377.419617,144.72937
771,0,0.594524,-0.297766,5.358216,3269.936523,-409.585968,145.236389
772,0,0.55136,-0.307304,5.340219,3310.824951,-442.090485,145.509293
773,0,0.500251,-0.334966,5.322219,3351.390137,-475.029907,145.41124
774,0,0.502489,-0.3491,5.297411,3390.483643,-507.701874,145.918915
775,0,0.494619,-0.366323,5.270741,3429.735352,-541.131714,145.949417
776,0,0.507607,-0.359275,5.238386,3468.007324,-574.965088,145.082779
777,0,0.558166,-0.359237,5.20366,3504.214844,-608.332153,145.345612
778,0,0.541451,-0.322471,5.172738,3539.220215,-643.002197,145.488022
779,0,0.560768,-0.337982,5.142611,3573.46582,-677.529358,146.279419
780,0,0.584131,-0.366757,5.112411,3606.828369,-712.074707,146.195679
781,0,0.556721,-0.372513,5.096572,3640.106934,-747.882568,146.9375
782,0,0.554922,-0.387007,5.070242,3670.466553,-783.412903,147.283615
783,0,0.457694,-0.340614,5.062124,3699.612793,-819.561462,148.406494
784,0,0.424706,-0.30058,5.039666,3731.580811,-859.086487,140.216415
785,0,0.394104,-0.286386,5.021753,3759.84082,-895.526855,140.328079
786,0,0.377896,-0.289944,5.001697,3787.861572,-931.929626,139.787247
787,0,0.38494,-0.303692,4.977172,3815.124268,-968.095581,139.174728
788,0,0.398373,-0.326516,4.952922,3841.148926,-1004.678467,138.872269
789,0,0.417977,-0.345173,4.930542,3865.549072,-1040.92334,138.501495
790,0,0.409288,-0.334116,4.910416,3888.31543,-1077.983765,139.14563
791,0,0.386563,-0.309252,4.893538,3909.761963,-1115.37085,140.381668
792,0,0.368453,-0.312561,4.879379,3930.477783,-1152.577637,140.802002
793,0,0.346526,-0.314625,4.866641,3950.266357,-1190.081299,141.165649
794,0,0.322415,-0.321011,4.854969,3969.296143,-1227.569458,141.515549
795,0,0.306687,-0.315967,4.843669,3987.423096,-1265.470581,141.356033
796,0,0.288957,-0.320189,4.830649,4004.845215,-1303.206421,140.949387
797,0,0.291582,-0.32315,4.814157,4021.45874,-1340.887573,140.566391
798,0,0.30936,-0.327868,4.795843,4037.047363,-1378.385864,140.455704
799,0,0.319175,-0.32136,4.778476,4051.113525,-1415.850342,140.841949
800,0,0.318921,-0.306177,4.765129,4063.745117,-1453.648193,141.660049
801,0,0.314567,-0.301427,4.754562,4075.475586,-1491.441772,141.842911
802,0,0.313494,-0.312627,4.744477,4086.435791,-1529.396851,141.69397
803,0,0.295528,-0.306453,4.738391,4096.480469,-1567.541504,141.895233
804,0,0.273976,-0.2948,4.73439,4105.441895,-1605.393799,141.456192
805,0,0.267372,-0.283463,4.723656,4113.721191,-1643.83606,141.391861
806,0,0.261051,-0.269635,4.715307,4120.959961,-1681.560425,140.835464
807,0,0.279392,-0.272368,4.701796,4127.602051,-1720.200195,141.473373
808,0,0.290751,-0.28291,4.692394,4133.220703,-1758.494263,141.144409
809,0,0.290523,-0.278388,4.684887,4137.361816,-1797.075073,141.511948
810,0,0.319597,-0.279428,4.677194,4140.92041,-1835.306152,142.700333
811,0,0.29866,-0.267784,4.675014,4143.625977,-1874.039062,142.982635
812,0,0.284095,-0.251088,4.671143,4145.665527,-1913.63562,142.694153
813,0,0.275866,-0.253746,4.665552,4147.085938,-1953.393921,142.507629
814,0,0.260608,-0.246986,4.660619,4147.980469,-1993.549316,142.029327
815,0,0.264387,-0.244628,4.653998,4147.936035,-2033.663696,141.776611
816,0,0.262884,-0.243129,4.641246,4147.954102,-2074.205322,141.332764
817,0,0.253997,-0.239029,4.634154,4146.079102,-2115.135986,141.09964
818,0,0.220781,-0.219079,4.627663,4143.994629,-2156.53418,140.534683
819,0,0.236841,-0.216967,4.615629,4141.442383,-2197.514893,141.037292
820,0,0.239041,-0.223009,4.599412,4138.241699,-2239.239746,141.141403
821,0,0.237801,-0.217686,4.586053,4134.214355,-2281.111328,140.737762
822,0,0.228939,-0.203454,4.573471,4129.331055,-2323.336182,140.701218
823,0,0.228804,-0.200977,4.559517,4123.825684,-2365.839355,140.453201
824,0,0.235922,-0.211113,4.54579,4118.078613,-2408.293457,140.13324
825,0,0.232569,-0.206174,4.532857,4111.108398,-2450.850098,140.75914
826,0,0.168815,-0.138455,4.561017,4102.116211,-2492.443848,141.770325
827,0,0.159777,-0.100045,4.536667,4092.757812,-2535.1604,142.391754
828,0,0.153351,-0.10261,4.522328,4083.970459,-2578.896973,142.220154
829,0,0.144894,-0.187263,4.483973,4073.887451,-2620.946045,147.784134
830,0,0.096981,-0.160026,4.472926,4063.474121,-2664.48291,147.723938
831,0,0.106275,-0.150606,4.462031,4052.121582,-2707.241455,147.768204
832,0,0.118082,-0.158355,4.446879,4039.749512,-2750.359375,148.214386
833,0,0.107948,-0.138599,4.433519,4027.724365,-2793.342773,147.850616
834,0,0.062106,-0.151532,4.426474,4016.736572,-2837.220215,146.002594
835,0,0.217031,-0.276468,4.421678,4000.141113,-2880.89917,139.739319
836,0,0.212127,-0.252996,4.406951,3985.339844,-2922.577881,140.272659
837,0,0.21792,-0.238409,4.39091,3970.394775,-2964.270752,140.642883
838,0,0.219651,-0.26489,4.371947,3956.543213,-3006.752441,140.108215
839,0,0.217573,-0.254874,4.359379,3939.623779,-3047.677979,141.27536
840,0,0.207359,-0.252243,4.347186,3922.838867,-3089.380127,140.78006
841,0,0.25225,-0.236289,4.307553,3904.792236,-3127.908936,143.432007
842,0,0.221279,-0.227236,4.295017,3885.547607,-3168.631836,143.383438
843,0,0.201716,-0.231666,4.283601,3867.695312,-3208.827393,142.824738
844,0,0.199221,-0.267334,4.266236,3847.661133,-3248.380371,141.95282
845,0,0.191641,-0.25411,4.241354,3827.058105,-3286.895996,142.669113
846,0,0.192049,-0.257472,4.228843,3807.149414,-3325.798584,142.902115
847,0,0.204018,-0.284723,4.209328,3786.886475,-3364.048584,143.171997
848,0,0.177383,-0.253785,4.201698,3766.154541,-3402.141357,142.631912
849,0,0.171818,-0.248343,4.186195,3744.331787,-3439.583008,142.463684
850,0,0.180011,-0.277466,4.165055,3721.487061,-3476.008789,142.952042
851,0,0.177494,-0.270452,4.153094,3700.780762,-3513.516602,141.950165
852,0,0.185339,-0.25549,4.124443,3675.640137,-3548.438965,142.588364
853,0,0.172478,-0.228173,4.114004,3653.10376,-3584.457764,142.218414
854,0,0.204834,-0.242019,4.097845,3631.065186,-3619.834229,142.641205
855,0,0.138157,-0.140281,4.090618,3601.74585,-3652.954102,141.761887
856,0,0.141396,-0.157729,4.072562,3576.431641,-3686.94751,142.550278
857,0,0.131979,-0.159364,4.065843,3551.116699,-3720.110596,142.823395
858,0,0.072259,-0.125589,4.042854,3528.509766,-3754.276611,146.424744
859,0,0.100289,-0.151038,4.025646,3505.972412,-3790.606689,141.612762
860,0,0.079952,-0.136731,4.010497,3478.583008,-3822.792236,141.700333
861,0,0.023329,-0.102521,4.006494,3448.719727,-3852.725342,144.338715
862,0,0.075526,-0.162954,3.981196,3422.768799,-3885.754395,141.360336
863,0,0.053112,-0.165133,3.969435,3393.441895,-3916.29126,142.003662
864,0,-0.019936,-0.137164,3.975581,3356.220703,-3937.832275,151.709991
865,0,0.046799,-0.165393,3.933259,3335.338867,-3976.065674,140.880753
866,0,0.041032,-0.166335,3.921998,3305.244629,-4004.674316,141.666046
867,0,0.070853,-0.14249,3.892051,3273.805176,-4032.766357,142.275818
868,0,0.046843,-0.128543,3.886399,3242.362305,-4060.479248,142.849457
869,0,0.050173,-0.137846,3.868846,3211.400635,-4088.257812,142.332092
870,0,0.066281,-0.15174,3.847386,3179.961182,-4116.118652,141.576065
871,0,0.070793,-0.139918,3.830779,3147.796143,-4142.34375,141.770294
872,0,0.066489,-0.130489,3.816752,3115.059814,-4168.260742,141.772003
873,0,0.067907,-0.132003,3.801514,3082.058838,-4193.744629,142.049744
874,0,0.057497,-0.17262,3.798836,3045.311523,-4215.223145,145.357605
875,0,0.058699,-0.160209,3.782918,3011.389893,-4239.87207,145.333664
876,0,0.047115,-0.154009,3.768036,2977.127686,-4263.86084,146.136292
877,0,0.066354,-0.167225,3.751367,2942.927734,-4287.105957,145.887314
878,0,0.046876,-0.152338,3.74209,2908.056152,-4310.229004,146.935486
879,0,0.040008,-0.156444,3.72935,2872.507812,-4332.708984,147.234924
880,0,0.041105,-0.148827,3.709591,2837.197754,-4354.757324,147.551086
881,0,0.030767,-0.146182,3.70033,2799.527344,-4375.179688,149.134048
882,0,0.030566,-0.14686,3.686083,2763.535889,-4395.865234,149.44278
883,0,0.028762,-0.146638,3.671097,2727.048584,-4416.046387,149.918045
884,0,0.025873,-0.161723,3.658385,2689.789307,-4435.286133,150.442932
885,0,0.019177,-0.152556,3.64662,2652.9729,-4454.520508,150.973999
886,0,0.055989,-0.1708,3.615998,2627.487061,-4479.890625,145.678116
887,0,0.067156,-0.177583,3.599796,2589.787842,-4498.153809,145.080536
888,0,0.061409,-0.162412,3.585556,2551.893555,-4515.043457,146.122711
889,0,0.061128,-0.166478,3.569994,2514.051025,-4531.679688,146.398514
890,0,0.045901,-0.166324,3.558453,2475.843262,-4547.618652,147.782806
891,0,0.038609,-0.15142,3.54742,2437.355225,-4563.109375,148.160919
892,0,0.041199,-0.156654,3.528798,2399.829102,-4579.527832,147.079987
893,0,0.045211,-0.141032,3.513597,2361.060059,-4593.872559,147.117371
894,0,0.036974,-0.139105,3.502181,2322.178223,-4607.991211,147.273605
895,0,0.037327,-0.13838,3.487902,2283.021484,-4621.165039,147.718323
896,0,0.022569,-0.132094,3.47896,2243.557373,-4633.753906,148.089951
897,0,0.017328,-0.136328,3.467066,2203.99292,-4646.026367,148.470734
898,0,0.015687,-0.129138,3.454585,2164.395752,-4657.779297,148.511765
899,0,0.013126,-0.127569,3.443656,2124.392334,-4669.124512,148.180359
900,0,0.011845,-0.125313,3.432631,2084.616211,-4680.123047,148.353165
901,0,0.015891,-0.124913,3.420011,2044.845093,-4690.328125,148.700058
902,0,0.02115,-0.123311,3.407821,2004.36853,-4700.467285,148.172424
903,0,0.020128,-0.119888,3.397714,1963.528809,-4710.180664,147.907532
904,0,0.01365,-0.120945,3.388882,1922.522583,-4719.394531,147.627167
905,0,0.011636,-0.113154,3.37906,1880.839722,-4728.508301,146.976364
906,0,0.01333,-0.114947,3.369218,1839.347412,-4737.178711,146.766083
907,0,0.009516,-0.130583,3.358483,1791.980225,-4741.566895,151.582443
908,0,0.017196,-0.128417,3.348625,1749.786987,-4749.883301,151.518066
909,0,0.029414,-0.112487,3.340113,1706.947266,-4757.437012,151.315277
910,0,0.032426,-0.114109,3.329686,1663.38623,-4764.896973,151.275101
911,0,0.028453,-0.106097,3.32284,1619.23999,-4772.117676,150.770721
912,0,0.028457,-0.100672,3.314749,1575.220703,-4778.865723,150.774536
913,0,0.029271,-0.097731,3.309921,1531.224854,-4785.756348,150.899841
914,0,0.029053,-0.098532,3.300758,1486.130249,-4792.084961,150.23349
915,0,0.03281,-0.09794,3.293994,1440.801147,-4798.42041,150.178528
916,0,0.037654,-0.092583,3.288414,1395.338867,-4804.645508,150.653427
917,0,0.035229,-0.091897,3.28223,1348.584961,-4810.535156,150.624786
918,0,0.026895,-0.085985,3.277568,1301.194214,-4816.191895,150.306839
919,0,0.021317,-0.081029,3.271889,1253.274536,-4821.717285,149.956711
920,0,0.024924,-0.077327,3.265243,1205.46582,-4826.844727,149.957336
921,0,0.02509,-0.076007,3.259254,1157.340576,-4831.973633,150.041199
922,0,0.032247,-0.076367,3.253139,1107.621094,-4837.164062,149.846359
923,0,0.034361,-0.076743,3.248629,1058.178467,-4842.061523,149.408661
924,0,0.030233,-0.077458,3.242671,1008.053406,-4846.857422,149.349243
925,0,0.030861,-0.07127,3.237916,957.098145,-4851.23877,148.764236
926,0,0.023735,-0.071288,3.232564,905.739929,-4855.731445,148.450531
927,0,0.027237,-0.079468,3.227234,853.720642,-4859.665039,148.240677
928,0,0.034772,-0.073804,3.224282,802.112122,-4863.474121,148.41127
929,0,0.04055,-0.073752,3.220529,749.352356,-4867.138672,148.472656
930,0,0.046561,-0.072666,3.217118,696.176331,-4870.500977,148.479187
931,0,0.046051,-0.06149,3.21453,642.179077,-4873.541992,148.049286
932,0,0.043537,-0.06292,3.211932,587.413696,-4876.721191,147.890427
933,0,0.039798,-0.069602,3.208098,532.213989,-4879.443359,147.531876
934,0,0.031475,-0.076199,3.203009,474.921753,-4882.402832,146.040405
935,0,0.033948,-0.080303,3.200807,419.183624,-4885.160645,146.069138
936,0,0.038458,-0.080379,3.193753,362.501862,-4887.360352,146.048492
937,0,0.035491,-0.07887,3.192099,305.472595,-4889.75,145.803406
938,0,0.03487,-0.079096,3.186698,247.73877,-4891.680664,145.390533
939,0,0.038555,-0.076241,3.181417,189.743561,-4893.806152,145.612259
940,0,0.041687,-0.079102,3.176444,131.195587,-4895.510742,145.42038
941,0,0.045107,-0.072787,3.176187,72.877289,-4897.147461,145.677689
942,0,0.050299,-0.069075,3.169284,13.155199,-4898.182617,145.719498
943,0,0.053503,-0.069885,3.163689,-46.83606,-4899.035645,145.766724
944,0,0.056049,-0.069422,3.160715,-107.561714,-4899.753906,145.874451
945,0,0.05293,-0.069664,3.155287,-169.162064,-4899.981934,145.529526
946,0,0.04742,-0.06239,3.148894,-230.928162,-4899.827148,145.352463
947,0,0.046472,-0.060549,3.14215,-293.422058,-4899.310059,145.260651
948,0,0.043482,-0.057526,3.135488,-356.638397,-4898.113281,145.245743
949,0,0.040537,-0.062394,3.12688,-419.857697,-4896.718262,145.310837
950,0,0.038799,-0.077029,3.113753,-484.208313,-4895.037109,145.193344
951,0,0.033728,-0.07831,3.10681,-548.567993,-4893.166504,144.732452
952,0,0.030563,-0.070276,3.097284,-613.040955,-4890.200195,144.205566
953,0,0.022671,-0.058589,3.086959,-678.490601,-4886.532715,143.49411
954,0,0.019609,-0.064171,3.082932,-743.25415,-4883.632812,143.016327
955,0,0.007475,-0.07524,3.072701,-808.481934,-4880.460938,141.807419
956,0,0.022087,-0.073146,3.059261,-873.532959,-4875.441406,141.188065
957,0,0.025139,-0.057444,3.048715,-938.863525,-4869.938477,140.722992
958,0,0.025357,-0.058088,3.035336,-1004.723816,-4863.861816,140.305908
959,0,0.017497,-0.063321,3.02878,-1069.425537,-4858.955566,140.002579
960,0,0.003481,-0.088516,3.021358,-1135.197021,-4853.174805,138.867676
961,0,-0.004736,-0.073312,3.00856,-1200.917847,-4845.28418,137.818909
962,0,-0.000791,-0.065423,2.995761,-1266.380981,-4836.501953,137.871613
963,0,0.006681,-0.075773,2.980393,-1331.071655,-4826.830078,137.777039
964,0,0.018165,-0.096178,2.964079,-1395.499146,-4817.885742,138.590942
965,0,0.011348,-0.089267,2.947907,-1459.196533,-4807.964355,139.458267
966,0,0.029837,-0.103599,2.939191,-1523.330933,-4795.324707,139.236969
967,0,0.024007,-0.099994,2.926712,-1587.650024,-4782.658203,139.447174
968,0,0.010617,-0.087876,2.917237,-1651.684326,-4769.427734,139.64888
969,0,-0.003331,-0.086028,2.905415,-1715.706055,-4755.95459,139.590225
970,0,-0.029435,-0.118934,2.883707,-1777.529053,-4744.227051,138.288803
971,0,-0.032403,-0.121149,2.870543,-1840.549072,-4729.159668,138.34407
972,0,-0.03764,-0.125097,2.856085,-1902.671875,-4713.522461,137.771622
973,0,-0.012145,-0.094478,2.846092,-1958.387573,-4697.947266,129.589081
974,0,-0.011116,-0.093153,2.833868,-2020.541626,-4680.975098,129.261154
975,0,-0.020067,-0.096105,2.815166,-2081.19165,-4662.552734,128.816086
976,0,-0.026,-0.097956,2.797655,-2141.980469,-4643.51416,128.158096
977,0,-0.029137,-0.09813,2.780794,-2202.321777,-4624.318359,127.407249
978,0,-0.03301,-0.097839,2.763227,-2261.783203,-4604.461914,126.899002
979,0,-0.032383,-0.10014,2.744183,-2320.242432,-4584.296875,126.754898
980,0,-0.032032,-0.097893,2.723866,-2378.303223,-4562.54248,126.308662
981,0,-0.030084,-0.095127,2.703611,-2435.658447,-4540.320801,126.062943
982,0,-0.049074,-0.099336,2.673601,-2498.728271,-4514.217773,134.807205
983,0,-0.051682,-0.115982,2.657596,-2554.481201,-4489.652344,134.947708
984,0,-0.052128,-0.116795,2.639407,-2610.032227,-4465.809082,134.357864
985,0,-0.050142,-0.109613,2.61637,-2663.844238,-4440.913574,134.758484
986,0,-0.044719,-0.105414,2.597674,-2718.333984,-4415.692871,134.478714
987,0,-0.042452,-0.112811,2.567665,-2770.990967,-4389.288086,134.60051
988,0,-0.05238,-0.104645,2.552063,-2822.932373,-4362.016602,134.132431
989,0,-0.05786,-0.121773,2.521407,-2875.489746,-4335.541016,133.039108
990,0,-0.066753,-0.125042,2.50093,-2925.77002,-4308.37207,133.004959
991,0,-0.063346,-0.121286,2.472881,-2975.639893,-4279.579102,133.163132
992,0,-0.064472,-0.121067,2.44914,-3024.049561,-4250.928711,132.620667
993,0,-0.060975,-0.118042,2.42271,-3071.781738,-4221.324219,132.4198
994,0,-0.0587,-0.117785,2.393426,-3119.18457,-4191.466309,131.891113
995,0,-0.069471,-0.134564,2.367367,-3165.868652,-4161.285156,130.545975
996,0,-0.073847,-0.133888,2.341156,-3211.780762,-4130.966309,130.101807
997,0,-0.078842,-0.145556,2.314716,-3256.13623,-4099.754883,129.287521
998,0,-0.08351,-0.165157,2.300618,-3298.999756,-4066.633789,128.355133
999,0,-0.080562,-0.156912,2.276932,-3340.801758,-4034.570312,128.434769
1000,0,-0.088309,-0.162544,2.249319,-3383.480713,-4001.583496,127.085045
1001,0,-0.092337,-0.160157,2.225224,-3423.650635,-3968.868652,127.154785
1002,0,-0.100181,-0.169396,2.188449,-3465.690674,-3934.305176,126.250938
1003,0,-0.105032,-0.16631,2.152086,-3505.055664,-3901.311768,125.961441
1004,0,-0.113271,-0.172775,2.127916,-3542.262939,-3867.346436,125.137001
1005,0,-0.109775,-0.174927,2.099438,-3578.611084,-3832.878174,125.061211
1006,0,-0.109068,-0.17122,2.075012,-3613.524414,-3798.367432,124.939522
1007,0,-0.108839,-0.171418,2.048078,-3648.028809,-3763.12915,125.011932
1008,0,-0.112795,-0.174174,2.022532,-3681.41748,-3727.852783,124.742203
1009,0,-0.090006,-0.120166,2.000196,-3713.259033,-3694.994629,108.97361
1010,0,-0.090696,-0.117442,1.975877,-3744.464844,-3659.044189,109.034248
1011,0,-0.093278,-0.116937,1.952533,-3774.80127,-3622.904541,109.052307
1012,0,-0.09626,-0.115396,1.930494,-3803.996338,-3586.529541,109.076584
1013,0,-0.098437,-0.111504,1.909049,-3832.08252,-3549.78418,109.148872
1014,0,-0.097995,-0.107824,1.885931,-3858.927246,-3512.978516,109.323952
1015,0,-0.098164,-0.108201,1.861754,-3884.675049,-3475.848877,109.771629
1016,0,-0.09688,-0.104673,1.840825,-3909.586914,-3439.188965,109.97963
1017,0,-0.097848,-0.101084,1.81976,-3933.60498,-3402.046631,109.968109
1018,0,-0.101856,-0.114739,1.792887,-3947.552979,-3355.631836,123.209167
1019,0,-0.10777,-0.124267,1.767455,-3969.975586,-3318.277344,122.72126
1020,0,-0.107947,-0.123747,1.747679,-3990.70166,-3280.624512,122.984314
1021,0,-0.102488,-0.118168,1.725039,-4011.859375,-3244.468994,122.269806
1022,0,-0.102882,-0.124742,1.702391,-4028.140137,-3205.759277,124.12162
1023,0,-0.09766,-0.115031,1.683031,-4046.100098,-3168.87915,124.563187
1024,0,-0.102166,-0.118715,1.665629,-4062.705566,-3131.059082,125.13398
1025,0,-0.084092,-0.10396,1.649465,-4085.060547,-3098.980713,117.551498
1026,0,-0.094008,-0.113142,1.631392,-4099.066895,-3060.293213,119.60994
1027,0,-0.093483,-0.109974,1.615554,-4112.334961,-3022.446045,120.714828
1028,0,-0.084961,-0.106089,1.597951,-4124.929688,-2985.641357,120.528557
1029,0,-0.078778,-0.112079,1.581044,-4136.370605,-2948.606201,120.478943
1030,0,-0.075816,-0.104867,1.567675,-4146.975586,-2911.108398,120.708305
1031,0,-0.076002,-0.116135,1.55101,-4156.833984,-2873.82373,121.447304
1032,0,-0.073554,-0.115114,1.536897,-4165.624023,-2836.72168,121.541794
1033,0,-0.070128,-0.11268,1.527085,-4172.998535,-2799.435547,122.33152
1034,0,-0.07121,-0.115423,1.513632,-4179.575195,-2761.353271,122.825684
1035,0,-0.084219,-0.12081,1.507153,-4184.131836,-2723.993896,124.106499
1036,0,-0.070377,-0.128556,1.467573,-4191.158691,-2683.48584,123.739075
1037,0,-0.078356,-0.123054,1.468434,-4195.031738,-2646.498047,123.141388
1038,0,-0.080831,-0.134788,1.455161,-4198.302246,-2608.528076,123.147766
1039,0,-0.089525,-0.152228,1.448351,-4199.577637,-2571.424805,123.821693
1040,0,-0.081603,-0.149684,1.432603,-4201.726074,-2534.030762,123.714149
1041,0,-0.081872,-0.156547,1.420959,-4201.710938,-2495.990723,124.443871
1042,0,-0.099572,-0.059865,1.481994,-4195.328613,-2447.514404,130.375839
1043,0,-0.082077,-0.047251,1.471409,-4193.208008,-2408.653076,132.057556
1044,0,-0.086071,-0.04593,1.466385,-4191.819824,-2368.950439,131.826538
1045,0,-0.072767,-0.037877,1.456324,-4188.825195,-2329.715332,132.927719
1046,0,-0.079639,-0.03873,1.445576,-4185.544922,-2289.799316,132.241943
1047,0,-0.08527,-0.038582,1.439358,-4181.845215,-2249.922363,132.556244
1048,0,-0.057716,-0.024119,1.424708,-4176.605469,-2210.333008,134.54097
1049,0,-0.052275,-0.01986,1.414982,-4171.609863,-2169.87793,134.80069
1050,0,-0.047397,-0.012335,1.406813,-4165.065918,-2129.018311,135.54715
1051,0,-0.050692,-0.010441,1.39325,-4156.961426,-2087.504639,136.679947
1052,0,-0.054901,-0.006501,1.38535,-4150.550781,-2046.588867,135.932251
1053,0,-0.046982,0.002343,1.374957,-4141.510254,-2005.308594,137.258743
1054,0,-0.056174,0.000613,1.365549,-4133.23877,-1964.371094,137.089401
1055,0,-0.142266,-0.070574,1.40721,-4142.706055,-1933.505371,120.789032
1056,0,-0.153159,-0.056707,1.43304,-4133.57373,-1894.387451,121.084579
1057,0,-0.065647,-0.092942,1.26254,-4106.408691,-1854.829834,134.43576
1058,0,-0.072537,-0.095217,1.2492,-4095.000732,-1812.987427,134.712296
1059,0,-0.065776,-0.0737,1.240417,-4083.849365,-1771.62085,134.681641
1060,0,-0.07642,-0.078654,1.229069,-4070.682129,-1729.928589,134.364212
1061,0,-0.079646,-0.079441,1.218988,-4055.474365,-1687.70459,134.858475
1062,0,-0.089399,-0.079671,1.198951,-4041.847168,-1647.696655,134.339539
1063,0,-0.092647,-0.074243,1.192002,-4025.894043,-1606.347168,135.01889
1064,0,-0.096328,-0.079421,1.17519,-4010.086426,-1565.489868,134.881805
1065,0,-0.094345,-0.066208,1.166713,-3994.159424,-1524.874268,135.162521
1066,0,-0.112595,-0.069768,1.155964,-3974.831299,-1484.033203,134.677902
1067,0,-0.116998,-0.069598,1.145287,-3956.860596,-1443.521484,135.006607
1068,0,-0.102168,-0.064301,1.127756,-3939.599854,-1403.785034,133.933029
1069,0,-0.101535,-0.067152,1.104751,-3922.624023,-1361.320557,132.800049
1070,0,-0.107113,-0.072791,1.087197,-3905.055176,-1320.948975,130.818497
1071,0,-0.09302,-0.057179,1.120276,-3886.325928,-1277.138428,127.967613
1072,0,-0.104424,-0.055951,1.109379,-3866.655029,-1237.981567,126.600594
1073,0,-0.110777,-0.071967,1.090874,-3844.602295,-1200.03125,127.002953
1074,0,-0.08967,-0.069685,1.050604,-3826.671875,-1161.11084,125.436844
1075,0,-0.110474,-0.075699,1.014914,-3802.549316,-1123.306885,126.829399
1076,0,-0.102352,-0.060617,1.028366,-3782.150146,-1087.031982,126.100403
1077,0,-0.074299,-0.053678,1.004594,-3759.12207,-1051.300903,126.122505
1078,0,-0.079584,-0.053926,0.997525,-3734.077881,-1017.363892,127.902863
1079,0,-0.091799,-0.065305,0.97232,-3709.685059,-981.474121,128.25267
1080,0,-0.088289,-0.075384,0.945583,-3684.270996,-946.14801,128.715439
1081,0,-0.038449,-0.034212,0.968323,-3654.534668,-917.449524,125.649094
1082,0,-0.038646,-0.029991,0.957199,-3630.032227,-883.47699,125.131248
1083,0,-0.042308,-0.031211,0.941167,-3603.791748,-849.984863,125.312683
1084,0,-0.09796,-0.044843,0.905653,-3574.224365,-818.639404,123.201996
1085,0,-0.092659,-0.041736,0.891762,-3547.563965,-786.130188,123.82576
1086,0,-0.086175,-0.038969,0.886164,-3521.213379,-754.035156,122.122581
1087,0,-0.082981,-0.038619,0.867093,-3487.62793,-724.595886,125.482872
1088,0,-0.084385,-0.036497,0.855586,-3459.267822,-693.268433,125.400452
1089,0,-0.082477,-0.030379,0.841214,-3429.633057,-662.441956,125.930893
1090,0,-0.081928,-0.031436,0.829231,-3401.672607,-631.628113,124.859177
1091,0,-0.080622,-0.029786,0.814357,-3371.1875,-601.727722,125.399071
1092,0,-0.079287,-0.032639,0.79964,-3340.506348,-572.386108,125.714661
1093,0,-0.088735,-0.045565,0.80537,-3324.354248,-536.837646,127.573433
1094,0,-0.066145,-0.047911,0.78893,-3292.862305,-509.203125,126.828415
1095,0,-0.089481,-0.066706,0.764699,-3261.22168,-479.723267,125.448288
1096,0,-0.132241,-0.077056,0.765701,-3231.951172,-449.590271,125.008377
1097,0,-0.131573,-0.076245,0.75236,-3200.408936,-421.5961,124.694504
1098,0,-0.139541,-0.083984,0.729972,-3169.085938,-393.85141,124.217339
1099,0,-0.146581,-0.088632,0.710593,-3137.950928,-366.507599,124.010826
1100,0,-0.150853,-0.085045,0.704843,-3105.688721,-339.578003,123.382874
1101,0,-0.134137,-0.080992,0.687099,-3072.927002,-313.542114,122.99852
1102,0,-0.123275,-0.074752,0.669444,-3038.377197,-288.655518,123.122017
1103,0,-0.135167,-0.074433,0.657763,-3004.435303,-263.570984,123.238663
1104,0,-0.1381,-0.07639,0.644585,-2971.018066,-238.300186,123.0895
1105,0,-0.082694,-0.035014,0.621676,-2929.879639,-218.716049,121.647491
1106,0,-0.080412,-0.035252,0.610144,-2895.429199,-195.005249,121.590736
1107,0,-0.085737,-0.034237,0.594586,-2860.111328,-171.915176,121.549469
1108,0,-0.081889,-0.028659,0.583641,-2824.690918,-149.132782,121.568718
1109,0,-0.083033,-0.027727,0.569534,-2789.219238,-126.959564,121.524269
1110,0,-0.080586,-0.029656,0.551655,-2752.899658,-105.591209,121.274887
1111,0,-0.081887,-0.026078,0.539117,-2720.68457,-81.038338,129.159973
1112,0,-0.074367,-0.023843,0.525536,-2683.419678,-61.62463,129.116928
1113,0,-0.072598,-0.025266,0.510387,-2646.812744,-42.036816,129.334549
1114,0,-0.067705,-0.029161,0.499014,-2609.70874,-23.166874,128.911972
1115,0,-0.06416,-0.027797,0.486081,-2572.311279,-4.595994,129.109421
1116,0,-0.058869,-0.020838,0.470836,-2534.82666,13.873801,129.656189
1117,0,-0.063138,-0.0203,0.456254,-2497.161865,31.800579,129.723587
1118,0,-0.068692,-0.027236,0.446665,-2459.297852,48.406815,128.689926
1119,0,-0.075176,-0.022579,0.432578,-2421.206055,65.437172,129.846497
1120,0,-0.066503,-0.019685,0.420031,-2383.062988,80.84343,129.79921
1121,0,-0.069014,-0.025058,0.40626,-2344.679688,96.381218,130.009537
1122,0,-0.069703,-0.020419,0.394046,-2305.99292,110.938866,130.529831
1123,0,-0.066558,-0.0186,0.379718,-2267.023682,125.241074,130.317459
1124,0,-0.070257,-0.016844,0.367972,-2228.083252,139.249954,130.750229
1125,0,-0.069732,-0.014341,0.354905,-2188.818115,152.834122,130.842819
1126,0,-0.070189,-0.014879,0.342022,-2149.57666,165.568008,130.839371
1127,0,-0.067698,-0.017791,0.327864,-2110.025635,177.743576,130.696289
1128,0,-0.077784,-0.018746,0.316106,-2070.432129,190.173904,130.970078
1129,0,-0.073227,-0.020531,0.302924,-2030.71875,201.176666,130.68988
1130,0,-0.069299,-0.018387,0.290604,-1990.582275,212.293259,130.531006
1131,0,-0.068744,-0.015306,0.279902,-1950.244507,222.809555,130.734177
1132,0,-0.073537,-0.012654,0.269555,-1909.468628,233.420975,130.210342
1133,0,-0.075581,-0.010582,0.259127,-1868.670044,243.461975,129.941833
1134,0,-0.070724,-0.01236,0.248342,-1827.451782,252.563263,129.788788
1135,0,-0.068613,-0.012368,0.23953,-1785.899658,261.670441,129.379883
1136,0,-0.067275,-0.015047,0.229419,-1744.130615,270.183319,129.24823
1137,0,-0.052025,-0.005319,0.222246,-1701.905396,277.99231,130.542953
1138,0,-0.070431,-0.012671,0.211455,-1659.059937,287.052917,129.521545
1139,0,-0.070288,-0.01155,0.202603,-1616.045654,295.094574,128.688431
1140,0,-0.072951,-0.009847,0.193398,-1572.934814,302.740631,128.125305
1141,0,-0.067356,-0.009022,0.187524,-1530.021118,309.555267,128.720886
1142,0,-0.061724,-0.012865,0.177948,-1486.549927,316.241943,128.691757
1143,0,-0.058937,-0.017294,0.168888,-1442.407349,323.071075,128.603806
1144,0,-0.030385,-0.016292,0.163168,-1396.925049,327.27951,130.351883
1145,0,-0.032613,-0.012433,0.155373,-1351.185303,333.909088,130.981339
1146,0,-0.032096,-0.011088,0.149168,-1304.933228,339.980347,131.017212
1147,0,-0.030841,-0.013511,0.148327,-1258.601929,345.046356,131.387192
1148,0,-0.029865,-0.010026,0.142133,-1211.275024,350.990295,131.070328
1149,0,-0.027082,-0.010349,0.132379,-1163.453125,356.032837,130.264099
1150,0,-0.020832,-0.017201,0.123757,-1115.039795,361.003204,131.354568
1151,0,-0.020617,-0.019528,0.118081,-1066.295288,366.242615,131.440018
