,x_m,y_m,c
0,0.128106232,0.2,0.0
1,0.128198502,0.2,0.0
2,0.128283035,0.2,0.0
3,0.128457108,0.2,0.0
4,0.128545364,0.2,0.0
5,0.128652786,0.2,0.0
6,0.1287780459999999,0.2,0.0
7,0.128903259,0.2,0.0
8,0.128998337,0.2,0.0
9,0.129003113,0.2,0.0
10,0.1291130369999999,0.2,0.0
11,0.129214844,0.2,0.0
12,0.129310989,0.2,0.0
13,0.12943071,0.2,0.0
14,0.1295204469999999,0.2,0.0
15,0.130582382,0.2,0.0
16,0.13009993,0.2,0.0
17,0.130196671,0.2,0.0
18,0.130251236,0.2,0.0
19,0.130341019,0.2,0.0
20,0.130529358,0.2,0.0
21,0.130444031,0.2,0.0
22,0.130557938,0.2,0.0
23,0.130661743,0.2,0.0
24,0.130993805,0.2,0.0
25,0.13094191,0.2,0.0
26,0.1313879849999999,0.2,0.0
27,0.131711639,0.2,0.0
28,0.1317417759999999,0.2,0.0
29,0.1320961,0.2,0.0
30,0.132464508,0.2,0.0
31,0.132580002,0.2,0.0
32,0.132846313,0.2,0.0
33,0.133407547,0.2,0.0
34,0.133623352,0.2,0.0
35,0.134136185,0.2,0.0
36,0.13464447,0.2,0.0
37,0.135354141,0.2,0.0
38,0.135995483,0.2,0.0
39,0.13660965,0.2,0.0
40,0.137270721,0.2,0.0
41,0.1382091829999999,0.2,0.0
42,0.139012421,0.2,0.0
43,0.139821472,0.2,0.0
44,0.140779572,0.2,0.0
45,0.1418188169999999,0.2,0.0
46,0.142825928,0.2,0.0
47,0.143861938,0.2,0.0
48,0.1447719569999999,0.2,0.0
49,0.145680664,0.2,0.0
50,0.146774551,0.2,0.0
51,0.14813678,0.2,0.0
52,0.149016907,0.2,0.0
53,0.150179214,0.2,0.0
54,0.151370773,0.2,0.0
55,0.1525483859999999,0.2,0.0
56,0.1538498539999999,0.2,0.0
57,0.15501265,0.2,0.0
58,0.1560377959999999,0.2,0.0
59,0.157165588,0.2,0.0
60,0.1583801269999999,0.2,0.0
61,0.159394455,0.2,0.0
62,0.160364868,0.2,0.0
63,0.16152774,0.2,0.0
64,0.162316711,0.2,0.0
65,0.163174286,0.2,0.0
66,0.164009109,0.2,0.0
67,0.164803925,0.2,0.0
68,0.165843628,0.2,0.0
69,0.166569489,0.2,0.0
70,0.16715892,0.2,0.0
71,0.167727585,0.2,0.0
72,0.168306961,0.2,0.0
73,0.168841995,0.2,0.0
74,0.169359528,0.2,0.0
75,0.169893341,0.2,0.0
76,0.170181946,0.2,0.0
77,0.170804932,0.2,0.0
78,0.1711179809999999,0.2,0.0
79,0.171412292,0.2,0.0
80,0.171406967,0.2,0.0
81,0.17164061,0.2,0.0
82,0.171867386,0.2,0.0
83,0.172048035,0.2,0.0
84,0.172319534,0.2,0.0
85,0.1724233859999999,0.2,0.0
86,0.172361252,0.2,0.0
87,0.172387558,0.2,0.0
88,0.172368637,0.2,0.0
89,0.172327209,0.2,0.0
90,0.1723617549999999,0.2,0.0
91,0.172237198,0.2,0.0
92,0.172033936,0.2,0.0
93,0.171829605,0.2,0.0
94,0.17157605,0.2,0.0
95,0.17129335,0.2,0.0
96,0.170845795,0.2,0.0
97,0.170538589,0.2,0.0
98,0.17020311,0.2,0.0
99,0.169836868,0.2,0.0
100,0.1696131589999999,0.2,0.0
101,0.169208817,0.2,0.0
102,0.168800385,0.2,0.0
103,0.168382156,0.2,0.0
104,0.167814865,0.2,0.0
105,0.167426666,0.2,0.0
106,0.167011429,0.2,0.0
107,0.166700623,0.2,0.0
108,0.166269638,0.2,0.0
109,0.165911499,0.2,0.0
110,0.165296219,0.2,0.0
111,0.1648904269999999,0.2,0.0
112,0.164455856,0.2,0.0
113,0.164022217,0.2,0.0
114,0.163701614,0.2,0.0
115,0.163241867,0.2,0.0
116,0.162701019,0.2,0.0
117,0.1622612,0.2,0.0
118,0.161905151,0.2,0.0
119,0.161465057,0.2,0.0
120,0.161071411,0.2,0.0
121,0.160696335,0.2,0.0
122,0.160317368,0.2,0.0
123,0.160081085,0.2,0.0
124,0.159600403,0.2,0.0
125,0.159407944,0.2,0.0
126,0.1590795589999999,0.2,0.0
127,0.158768845,0.2,0.0
128,0.158475861,0.2,0.0
129,0.158092239,0.2,0.0
130,0.157821503,0.2,0.0
131,0.157591492,0.2,0.0
132,0.157370743,0.2,0.0
133,0.157150238,0.2,0.0
134,0.156930679,0.2,0.0
135,0.1567277829999999,0.2,0.0
136,0.156549042,0.2,0.0
137,0.156363144,0.2,0.0
138,0.156189865,0.2,0.0
139,0.156014175,0.2,0.0
140,0.155839203,0.2,0.0
141,0.155686844,0.2,0.0
142,0.155518814,0.2,0.0
143,0.1553983609999999,0.2,0.0
144,0.155325134,0.2,0.0
145,0.155253815,0.2,0.0
146,0.1553233799999999,0.2,0.0
147,0.155238525,0.2,0.0
148,0.1553909449999999,0.2,0.0
149,0.15549823,0.2,0.0
150,0.155639191,0.2,0.0
151,0.155814804,0.2,0.0
152,0.156121475,0.2,0.0
153,0.156444458,0.2,0.0
154,0.156568207,0.2,0.0
155,0.1569339139999999,0.2,0.0
156,0.157348846,0.2,0.0
157,0.157782776,0.2,0.0
158,0.15815979,0.2,0.0
159,0.1586808619999999,0.2,0.0
160,0.159473221,0.2,0.0
161,0.160119095,0.2,0.0
162,0.160676773,0.2,0.0
163,0.161406647,0.2,0.0
164,0.162335983,0.2,0.0
165,0.162965118,0.2,0.0
166,0.163876953,0.2,0.0
167,0.1649966279999999,0.2,0.0
168,0.166102188,0.2,0.0
169,0.167440979,0.2,0.0
170,0.1686814579999999,0.2,0.0
171,0.170227676,0.2,0.0
172,0.1716009369999999,0.2,0.0
173,0.173381699,0.2,0.0
174,0.175179169,0.2,0.0
175,0.177333206,0.2,0.0
176,0.179769089,0.2,0.0
177,0.182189941,0.2,0.0
178,0.184646713,0.2,0.0
179,0.187211761,0.2,0.0
180,0.190065155,0.2,0.0
181,0.193207901,0.2,0.0
182,0.196256119,0.2,0.0
183,0.199735443,0.2,0.0
184,0.2034690699999999,0.2,0.0
185,0.20721756,0.2,0.0
186,0.211016174,0.2,0.0
187,0.215115631,0.2,0.0
188,0.2193833009999999,0.2,0.0
189,0.2239654999999999,0.2,0.0
190,0.228799896,0.2,0.0
191,0.233607758,0.2,0.0
192,0.238576569,0.2,0.0
193,0.243843994,0.2,0.0
194,0.249384186,0.2,0.0
195,0.254996597,0.2,0.0
196,0.260913483,0.2,0.0
197,0.266673981,0.2,0.0
198,0.273123077,0.2,0.0
199,0.279687073,0.2,0.0
200,0.286038574,0.2,0.0
201,0.292540527,0.2,0.0
202,0.298924042,0.2,0.0
203,0.305574097,0.2,0.0
204,0.310260742,0.2,0.0
205,0.31718512,0.2,0.0
206,0.3244011229999999,0.2,0.0
207,0.332502472,0.2,0.0
208,0.33963324,0.2,0.0
209,0.347247589,0.2,0.0
210,0.354362762,0.2,0.0
211,0.362178375,0.2,0.0
212,0.370111603,0.2,0.0
213,0.379131683,0.2,0.0
214,0.387395996,0.2,0.0
215,0.395738098,0.2,0.0
216,0.4039836429999999,0.2,0.0
217,0.412728394,0.2,0.0
218,0.421373566,0.2,0.0
219,0.430147675,0.2,0.0
220,0.438799103,0.2,0.0
221,0.447054596,0.2,0.0
222,0.4550875239999999,0.2,0.0
223,0.463891113,0.2,0.0
224,0.472672394,0.2,0.0
225,0.481590057,0.2,0.0
226,0.490522278,0.2,0.0
227,0.499555939,0.2,0.0
228,0.508663818,0.2,0.0
229,0.517897034,0.2,0.0
230,0.5271056519999999,0.2,0.0
231,0.536413757,0.2,0.0
232,0.545642334,0.2,0.0
233,0.555072449,0.2,0.0
234,0.564484436,0.2,0.0
235,0.573909668,0.2,0.0
236,0.583364807,0.2,0.0
237,0.592867493,0.2,0.0
238,0.602413391,0.2,0.0
239,0.611919617,0.2,0.0
240,0.621478149,0.2,0.0
241,0.631033875,0.2,0.0
242,0.640602051,0.2,0.0
243,0.650100281,0.2,0.0
244,0.659451477,0.2,0.0
245,0.668991394,0.2,0.0
246,0.6785,0.2,0.0
247,0.688073975,0.2,0.0
248,0.6976509399999999,0.2,0.0
249,0.7072274169999999,0.2,0.0
250,0.716844543,0.2,0.0
251,0.726501953,0.2,0.0
252,0.736174255,0.2,0.0
253,0.745907043,0.2,0.0
254,0.755701233,0.2,0.0
255,0.7655319819999999,0.2,0.0
256,0.775419495,0.2,0.0
257,0.78532074,0.2,0.0
258,0.795327942,0.2,0.0
259,0.805418945,0.2,0.0
260,0.815542114,0.2,0.0
261,0.825804321,0.2,0.0
262,0.836157959,0.2,0.0
263,0.8466056519999999,0.2,0.0
264,0.8571635129999999,0.2,0.0
265,0.867601929,0.2,0.0
266,0.878149902,0.2,0.0
267,0.8886731569999999,0.2,0.0
268,0.899240784,0.2,0.0
269,0.909828735,0.2,0.0
270,0.920410095,0.2,0.0
271,0.930814209,0.2,0.0
272,0.941443542,0.2,0.0
273,0.952027283,0.2,0.0
274,0.962416992,0.2,0.0
275,0.973007935,0.2,0.0
276,0.983567566,0.2,0.0
277,0.994399841,0.2,0.0
278,1.005042175,0.2,0.0
279,1.015565491,0.2,0.0
280,1.0263328859999998,0.2,0.0
281,1.036896484,0.2,0.0
282,1.047392822,0.2,0.0
283,1.0579021,0.2,0.0
284,1.068290161,0.2,0.0
285,1.0788569339999998,0.2,0.0
286,1.0891080320000002,0.2,0.0
287,1.099563721,0.2,0.0
288,1.110083374,0.2,0.0
289,1.120638916,0.2,0.0
290,1.131335205,0.2,0.0
291,1.141820312,0.2,0.0
292,1.152404419,0.2,0.0
293,1.163101929,0.2,0.0
294,1.173795288,0.2,0.0
295,1.184640137,0.2,0.0
296,1.195289429,0.2,0.0
297,1.20614502,0.2,0.0
298,1.2170751949999998,0.2,0.0
299,1.227930298,0.2,0.0
300,1.238764038,0.2,0.0
301,1.249747803,0.2,0.0
302,1.260530029,0.2,0.0
303,1.271773315,0.2,0.0
304,1.28269397,0.2,0.0
305,1.2934208980000002,0.2,0.0
306,1.304446045,0.2,0.0
307,1.315373779,0.2,0.0
308,1.326220581,0.2,0.0
309,1.337232422,0.2,0.0
310,1.348253174,0.2,0.0
311,1.359394653,0.2,0.0
312,1.370394287,0.2,0.0
313,1.381531494,0.2,0.0
314,1.392583252,0.2,0.0
315,1.4035946039999998,0.2,0.0
316,1.414593384,0.2,0.0
317,1.425667725,0.2,0.0
318,1.436671265,0.2,0.0
319,1.447709351,0.2,0.0
320,1.458666992,0.2,0.0
321,1.46960791,0.2,0.0
322,1.480336792,0.2,0.0
323,1.491178467,0.2,0.0
324,1.502133301,0.2,0.0
325,1.513094727,0.2,0.0
326,1.524112915,0.2,0.0
327,1.5351160890000002,0.2,0.0
328,1.546165649,0.2,0.0
329,1.557315308,0.2,0.0
330,1.568410889,0.2,0.0
331,1.579349609,0.2,0.0
332,1.5903286129999998,0.2,0.0
333,1.601297852,0.2,0.0
334,1.611953003,0.2,0.0
335,1.622619019,0.2,0.0
336,1.633411133,0.2,0.0
337,1.644068848,0.2,0.0
338,1.654697754,0.2,0.0
339,1.665390747,0.2,0.0
340,1.676068481,0.2,0.0
341,1.686851196,0.2,0.0
342,1.697547119,0.2,0.0
343,1.708299438,0.2,0.0
344,1.719192261,0.2,0.0
345,1.7299914550000002,0.2,0.0
346,1.7409163820000002,0.2,0.0
347,1.751626587,0.2,0.0
348,1.762796387,0.2,0.0
349,1.7737520750000002,0.2,0.0
350,1.784764648,0.2,0.0
351,1.795549561,0.2,0.0
352,1.806623413,0.2,0.0
353,1.817520996,0.2,0.0
354,1.828682373,0.2,0.0
355,1.839564819,0.2,0.0
356,1.850390869,0.2,0.0
357,1.861261719,0.2,0.0
358,1.87213623,0.2,0.0
359,1.882948486,0.2,0.0
360,1.894335693,0.2,0.0
361,1.905244385,0.2,0.0
362,1.916200684,0.2,0.0
363,1.927278687,0.2,0.0
364,1.937946167,0.2,0.0
365,1.949026489,0.2,0.0
366,1.960093994,0.2,0.0
367,1.971208496,0.2,0.0
368,1.982379883,0.2,0.0
369,1.993548096,0.2,0.0
370,2.004836548,0.2,0.0
371,2.016162354,0.2,0.0
372,2.028035889,0.2,0.0
373,2.039568237,0.2,0.0
374,2.050730713,0.2,0.0
375,2.062372803,0.2,0.0
376,2.073673828,0.2,0.0
377,2.085283691,0.2,0.0
378,2.096894043,0.2,0.0
379,2.108543701,0.2,0.0
380,2.120287109,0.2,0.0
381,2.1325446780000004,0.2,0.0
382,2.14408252,0.2,0.0
383,2.1558237300000003,0.2,0.0
384,2.167532715,0.2,0.0
385,2.179112549,0.2,0.0
386,2.190751709,0.2,0.0
387,2.202266357,0.2,0.0
388,2.213678955,0.2,0.0
389,2.225169434,0.2,0.0
390,2.236308838,0.2,0.0
391,2.24741626,0.2,0.0
392,2.2585854490000004,0.2,0.0
393,2.269697021,0.2,0.0
394,2.280765381,0.2,0.0
395,2.292097412,0.2,0.0
396,2.302893311,0.2,0.0
397,2.314238281,0.2,0.0
398,2.32526001,0.2,0.0
399,2.336299072,0.2,0.0
400,2.347016602,0.2,0.0
401,2.35831958,0.2,0.0
402,2.369324707,0.2,0.0
403,2.380182373,0.2,0.0
404,2.391259033,0.2,0.0
405,2.402117188,0.2,0.0
406,2.413005859,0.2,0.0
407,2.423404785,0.2,0.0
408,2.434606934,0.2,0.0
409,2.445353271,0.2,0.0
410,2.45568042,0.2,0.0
411,2.4668222660000003,0.2,0.0
412,2.477473633,0.2,0.0
413,2.488275391,0.2,0.0
414,2.49880127,0.2,0.0
415,2.509593018,0.2,0.0
416,2.52021875,0.2,0.0
417,2.530695557,0.2,0.0
418,2.541343506,0.2,0.0
419,2.5517565920000003,0.2,0.0
420,2.562290527,0.2,0.0
421,2.572682129,0.2,0.0
422,2.583067627,0.2,0.0
423,2.593255859,0.2,0.0
424,2.605325928,0.2,0.0
425,2.615455322,0.2,0.0
426,2.62575708,0.2,0.0
427,2.63765918,0.2,0.0
428,2.648098145,0.2,0.0
429,2.658529541,0.2,0.0
430,2.669025635,0.2,0.0
431,2.679360596,0.2,0.0
432,2.689974121,0.2,0.0
433,2.700959229,0.2,0.0
434,2.71110791,0.2,0.0
435,2.721258301,0.2,0.0
436,2.731391357,0.2,0.0
437,2.741513916,0.2,0.0
438,2.7514196780000004,0.2,0.0
439,2.761419922,0.2,0.0
440,2.771349854,0.2,0.0
441,2.781117188,0.2,0.0
442,2.790785156,0.2,0.0
443,2.800060547,0.2,0.0
444,2.809731201,0.2,0.0
445,2.819451172,0.2,0.0
446,2.829129883,0.2,0.0
447,2.838796631,0.2,0.0
448,2.848455078,0.2,0.0
449,2.8582785640000004,0.2,0.0
450,2.868138672,0.2,0.0
451,2.877972168,0.2,0.0
452,2.887645264,0.2,0.0
453,2.897428467,0.2,0.0
454,2.907509521,0.2,0.0
455,2.917382812,0.2,0.0
456,2.927342041,0.2,0.0
457,2.937205322,0.2,0.0
458,2.9471291500000003,0.2,0.0
459,2.957071289,0.2,0.0
460,2.966816162,0.2,0.0
461,2.976862061,0.2,0.0
462,2.98654126,0.2,0.0
463,2.996295166,0.2,0.0
464,3.005928955,0.2,0.0
465,3.01571167,0.2,0.0
466,3.025096436,0.2,0.0
467,3.034737793,0.2,0.0
468,3.0443728030000003,0.2,0.0
469,3.05388916,0.2,0.0
470,3.063374023,0.2,0.0
471,3.072857422,0.2,0.0
472,3.082116455,0.2,0.0
473,3.091500977,0.2,0.0
474,3.100852051,0.2,0.0
475,3.110400879,0.2,0.0
476,3.119675293,0.2,0.0
477,3.129106445,0.2,0.0
478,3.138153076,0.2,0.0
479,3.147694336,0.2,0.0
480,3.156865234,0.2,0.0
481,3.166108154,0.2,6.123357743308157
482,3.1749223630000003,0.19951178,53.236954797753135
483,3.184022461,0.193446167,0.4028421345769493
484,3.193140869,0.187310013,0.052157112510718646
485,3.202262695,0.181163956,0.047346889315492975
486,3.21144873,0.174981613,0.2687135964504198
487,3.220631348,0.168841141,4.661556088637127
488,3.2294646,0.162252716,4.7537684739764705
489,3.238645752,0.15612645,1.8405605363535626
490,3.247583984,0.149897949,2.896163656148869
491,3.2561921390000004,0.143489899,4.892829236136216
492,3.265171143,0.137513382,2.362628420081855
493,3.273799072,0.1314513849999999,2.975965964994432
494,3.282547852,0.125704407,9.445580702871263
495,3.290644043,0.119159378,5.433311120034579
496,3.299029297,0.113128685,2.217900061779757
497,3.307255127,0.106922241,3.362176698982985
498,3.316024414,0.100779434,3.432088336929855
499,3.3243474120000003,0.0944871749999999,4.74664809185097
500,3.332366943,0.0877744749999999,0.9899486859752529
501,3.340274414,0.0810155029999999,4.686182444098232
502,3.34866748,0.0745282519999999,7.803785639405557
503,3.356296631,0.067565933,67.88267460319139
504,3.357404053,0.057016365,68.18040098322507
505,3.365111572,0.0500578349999999,2.0361038015614397
506,3.372690186,0.042918732,4.078691322514221
507,3.380811279,0.035904125,1.504471167529928
508,3.388819336,0.028758175,3.23169545140768
509,3.396307373,0.02160331,8.710760356909596
510,3.403117676,0.013805775,12.068458021772908
511,3.410830322,0.006931563,9.402054150364103
512,3.417824463,-0.0006404109999999,0.6443818100059697
513,3.425007568,-0.0083130629999999,0.45791405902111737
514,3.431976074,-0.015827762,1.3845164546357032
515,3.438857666,-0.0234635539999999,0.7967889044623437
516,3.445882812,-0.031130672,7.278724590854286
517,3.454166992,-0.038848095,7.927495801129238
518,3.460995605,-0.0463936729999999,3.5856825748149506
519,3.467755615,-0.0544444689999999,2.088115578312278
520,3.474708252,-0.0623644869999999,3.966610046374076
521,3.48113501,-0.070324074,3.6084665403709275
522,3.4870122070000003,-0.07816674,5.706690461494752
523,3.493584961,-0.085967239,1.1469124852170185
524,3.5001875,-0.093993561,1.8322884633686736
525,3.506313477,-0.101728836,1.2887660471259392
526,3.512745117,-0.109637817,1.1434870129358292
527,3.519016846,-0.117535484,0.3750428991031237
528,3.525160156,-0.125331329,0.9595988343788678
529,3.531580566,-0.133318558,0.49066292855509586
530,3.538006104,-0.141395294,0.5665738312699202
531,3.544067871,-0.149104599,0.6166809448658644
532,3.550273682,-0.157097687,0.02422162275851857
533,3.556506836,-0.165130066,0.7383121083519919
534,3.562648926,-0.173168655,2.960429124047144
535,3.568634277,-0.18151239,5.913130100042899
536,3.575159668,-0.189529099,4.932561383449419
537,3.581311035,-0.197930069,1.9680280221761692
538,3.587157471,-0.206263733,0.47052759476679823
539,3.592999756,-0.214507523,1.3155390908356714
540,3.598747559,-0.2228512269999999,2.0253415965124373
541,3.604681152,-0.23109671,1.0590590650811278
542,3.610682617,-0.239250351,2.455441268429646
543,3.617038818,-0.247445724,7.703556912862512
544,3.622439209,-0.255655167,0.031059318936191155
545,3.627810791,-0.263826233,10.65180040859252
546,3.634325439,-0.271746887,15.314913965752796
547,3.639278809,-0.280099915,1.5696993824738785
548,3.644127441,-0.288568665,21.080493180338358
549,3.646900635,-0.296789001,26.15662639470085
550,3.652298584,-0.30520636,0.9396362915399534
551,3.657643311,-0.313716064,6.942485460541867
552,3.662150635,-0.3221088869999999,9.501611430017526
553,3.667809326,-0.330621002,7.367313520072312
554,3.672551514,-0.339030396,3.2851211270512692
555,3.677706543,-0.3475213319999999,4.319140996180697
556,3.682369629,-0.355990387,3.4113658974141723
557,3.687357178,-0.3643783869999999,0.007846447652554931
558,3.692399414,-0.372856873,2.331992930777035
559,3.697183838,-0.381337189,6.056286373235513
560,3.702536133,-0.3896317139999999,14.600593910052668
561,3.706616699,-0.398545837,9.710529394866615
562,3.711465332,-0.406936554,4.3850302602287705
563,3.715963379,-0.415546417,3.3413977528487355
564,3.720727539,-0.423987091,2.1736696690764843
565,3.725378418,-0.432651611,0.3327453318644651
566,3.729959717,-0.441253632,1.4048059978568235
567,3.734686768,-0.449842926,5.069567122792137
568,3.738976562,-0.458646332,4.987621613104539
569,3.743733887,-0.467303314,3.979237543556611
570,3.748077393,-0.4759934999999999,1.8897407773166734
571,3.75260376,-0.484647461,2.4662282074422834
572,3.756823975,-0.493206299,19.73954922231306
573,3.76301416,-0.501296356,16.610950100537753
574,3.767757324,-0.510327576,4.486349948657831
575,3.771817383,-0.518967346,1.3059776888054213
576,3.775908203,-0.527967529,5.275489902210947
577,3.780415039,-0.536655884,3.3055393497136496
578,3.784659912,-0.545532288,0.4401794416857806
579,3.788921631,-0.5543458859999999,2.7032897069065753
580,3.79303833,-0.5634753419999999,0.37880805870251827
581,3.797150879,-0.572504456,2.362931314011233
582,3.801035889,-0.581591858,1.3952011300807516
583,3.804723145,-0.590553284,2.476745698965246
584,3.80874292,-0.5996843260000001,4.113966027821018
585,3.812391846,-0.608992249,0.7585062464702748
586,3.815885498,-0.618104431,0.7891693367647186
587,3.819489502,-0.6272909550000001,2.5359050259471605
588,3.822796143,-0.636375122,0.03244132659424726
589,3.826173828,-0.6456453249999999,1.2379328782727215
590,3.829463135,-0.6550291140000001,1.2933161752128408
591,3.832769043,-0.664090881,4.531436775060532
592,3.835858398,-0.6739169309999999,1.4396214870044115
593,3.838963379,-0.683313049,1.431870318246394
594,3.84200293,-0.692973877,0.741335659274893
595,3.845138672,-0.702684204,2.066396850824156
596,3.848119385,-0.712633423,0.2694793784972269
597,3.850929932,-0.7221087039999999,2.885747746440747
598,3.853925537,-0.73125531,1.4468297188281871
599,3.856918701,-0.74085437,2.6428661005947993
600,3.860111816,-0.7502186279999999,1.3291695715172382
601,3.863352539,-0.759332764,0.8941000176645527
602,3.866496338,-0.768421875,0.018991043292937607
603,3.869623535,-0.777468323,1.746008391689032
604,3.872702148,-0.786890259,3.7343363392780744
605,3.876268555,-0.79655365,4.205587896402875
606,3.879233398,-0.80576001,0.6496476764648833
607,3.882151611,-0.815020996,5.261246636662759
608,3.885478516,-0.823970154,6.706667741895431
609,3.888254395,-0.8332213749999999,4.482158008601519
610,3.890706787,-0.842930298,3.2663025185858547
611,3.893388672,-0.85226947,0.06878898760031008
612,3.896064209,-0.861563171,0.017511806019324994
613,3.898752197,-0.870894165,1.0402371034854032
614,3.901268311,-0.879966858,0.22599857362361492
615,3.903863281,-0.8892462769999999,0.9612914870715724
616,3.906363525,-0.898516602,2.1793678586431136
617,3.908620117,-0.907629517,0.8797199815586341
618,3.911012451,-0.916955566,1.7441775912193906
619,3.913577148,-0.926296875,4.674093619067708
620,3.915699707,-0.935662598,1.0409308370676202
621,3.917869873,-0.9448172,1.1798348581836382
622,3.920240479,-0.954335266,3.8698736896438817
623,3.922249756,-0.963944946,0.878529795664847
624,3.924341797,-0.973536743,0.18531229487582276
625,3.92638916,-0.983005859,0.29613664411526414
626,3.928415039,-0.99250769,15.864398498741528
627,3.932564453,-1.002994324,16.567394050071876
628,3.934517822,-1.012493958,0.24677522959144438
629,3.936449951,-1.022005676,1.285646972113869
630,3.938407715,-1.0310748289999998,4.032949858339981
631,3.940135254,-1.04091748,1.7823158223657976
632,3.941968994,-1.05038855,0.8632207070283809
633,3.943903809,-1.0599517820000002,0.8462984319581044
634,3.945891113,-1.069375977,2.503642554070729
635,3.947694092,-1.07909668,2.4211203010954314
636,3.949704102,-1.088658691,2.6071953682073907
637,3.951486328,-1.098365234,7.501334509562691
638,3.95400708,-1.107997314,2.414951458499273
639,3.956325439,-1.117821167,4.866718561971914
640,3.958200928,-1.128013916,4.433115872223759
641,3.960469971,-1.137825562,0.1431669472481069
642,3.962757324,-1.147782227,1.0538522277730558
643,3.965148438,-1.157700317,0.9123299139368556
644,3.967404541,-1.1674521480000002,5.680059794212006
645,3.970260742,-1.177213013,8.946145223556366
646,3.972227783,-1.187259033,3.571290104470831
647,3.974530273,-1.197106201,5.324913347278068
648,3.97626416,-1.206829468,4.193589581343529
649,3.978399658,-1.216474487,0.5013787548017316
650,3.98057251,-1.2260634769999998,0.006499983403305057
651,3.982717041,-1.2355302730000002,1.40066186162687
652,3.984894531,-1.244581421,3.524871808110447
653,3.986784668,-1.253756226,0.10557633045702579
654,3.988723389,-1.263119507,0.142536366755801
655,3.990626221,-1.272247559,2.0828059728123214
656,3.992391113,-1.281633789,0.17712865774628822
657,3.99416333,-1.290972168,0.5848374625138162
658,3.995975342,-1.300239624,0.3616229726692421
659,3.997751953,-1.30949353,2.291262509550051
660,3.999680908,-1.318498413,18.737339558264548
661,4.0,-1.328314453,3.429412050720779
662,4.0,-1.337443604,0.0
663,4.0,-1.346949219,0.0
664,4.0,-1.35665332,0.0
665,4.0,-1.36601416,0.0
666,4.0,-1.375846436,0.0
667,4.0,-1.3854417719999998,0.0
668,4.0,-1.395402222,0.0
669,4.0,-1.404863281,0.0
670,4.0,-1.414796265,0.0
671,4.0,-1.424414795,0.0
672,4.0,-1.434596924,0.0
673,4.0,-1.44458374,0.0
674,4.0,-1.454630737,0.0
675,4.0,-1.465338135,0.0
676,4.0,-1.4754174800000002,0.0
677,4.0,-1.485776733,0.0
678,4.0,-1.495973511,0.0
679,4.0,-1.506107544,0.0
680,4.0,-1.516130371,0.0
681,4.0,-1.526679443,0.0
682,4.0,-1.536766235,0.0
683,4.0,-1.547284912,0.0
684,4.0,-1.557141357,0.0
685,4.0,-1.567807129,0.0
686,4.0,-1.578460327,0.0
687,4.0,-1.58885376,0.0
688,4.0,-1.599614136,0.0
689,4.0,-1.6102854,0.0
690,4.0,-1.621144531,0.0
691,4.0,-1.631868408,0.0
692,4.0,-1.642966431,0.0
693,4.0,-1.653767944,0.0
694,4.0,-1.664505737,0.0
695,4.0,-1.67562207,0.0
696,4.0,-1.6865336910000002,0.0
697,4.0,-1.697790649,0.0
698,4.0,-1.708496826,0.0
699,4.0,-1.719579102,0.0
700,4.0,-1.730746704,0.0
701,4.0,-1.741718384,0.0
702,4.0,-1.752723511,0.0
703,4.0,-1.7638458250000002,0.0
704,4.0,-1.775163452,0.0
705,4.0,-1.786703125,0.0
706,4.0,-1.797894043,0.0
707,4.0,-1.809444458,0.0
708,4.0,-1.820987549,0.0
709,4.0,-1.832373413,0.0
710,4.0,-1.843714844,0.0
711,4.0,-1.855301636,0.0
712,4.0,-1.866499023,0.0
713,4.0,-1.878278076,0.0
714,4.0,-1.889627197,0.0
715,4.0,-1.900845093,0.0
716,4.0,-1.912714844,0.0
717,4.0,-1.923676636,0.0
718,4.0,-1.935247192,0.0
719,4.0,-1.946719116,0.0
720,4.0,-1.95876416,0.0
721,4.0,-1.970629395,0.0
722,4.0,-1.982012695,0.0
723,4.0,-1.993617554,0.0
724,4.0,-2.005364136,0.0
725,4.0,-2.016731689,0.0
726,4.0,-2.028403564,0.0
727,4.0,-2.0401496580000003,0.0
728,4.0,-2.051866211,0.0
729,4.0,-2.06363916,0.0
730,4.0,-2.0752229000000004,0.0
731,4.0,-2.0867429200000003,0.0
732,4.0,-2.097818359,0.0
733,4.0,-2.109173096,0.0
734,4.0,-2.120858398,0.0
735,4.0,-2.132006592,0.0
736,4.0,-2.144103516,0.0
737,4.0,-2.155409912,0.0
738,4.0,-2.166926514,0.0
739,4.0,-2.17839209,0.0
740,4.0,-2.189611084,0.0
741,4.0,-2.2016079100000003,0.0
742,4.0,-2.212906738,0.0
743,4.0,-2.222004395,0.0
744,4.0,-2.235168701,0.0
745,4.0,-2.246180176,0.0
746,4.0,-2.2576979980000003,0.0
747,4.0,-2.268828857,0.0
748,4.0,-2.279089355,0.0
749,4.0,-2.28914502,0.0
750,4.0,-2.299887939,0.0
751,4.0,-2.3099711910000003,0.0
752,4.0,-2.320144531,0.0
753,4.0,-2.330765137,0.0
754,4.0,-2.3405273440000003,0.0
755,4.0,-2.350791016,0.0
756,4.0,-2.361356934,0.0
757,4.0,-2.371792236,0.0
758,4.0,-2.381393066,0.0
759,4.0,-2.391737305,0.0
760,4.0,-2.402377197,0.0
761,4.0,-2.412332275,0.0
762,4.0,-2.422597412,0.0
763,4.0,-2.432728271,0.0
764,4.0,-2.443113525,0.0
765,4.0,-2.453078369,0.0
766,4.0,-2.463411865,0.0
767,4.0,-2.4734772950000004,0.0
768,4.0,-2.48391626,0.0
769,4.0,-2.494326416,0.0
770,4.0,-2.504543457,0.0
771,4.0,-2.515114746,0.0
772,4.0,-2.525455811,0.0
773,4.0,-2.536318115,0.0
774,4.0,-2.548397217,0.0
775,4.0,-2.558873291,0.0
776,4.0,-2.569299072,0.0
777,4.0,-2.579677002,0.0
778,4.0,-2.5902702640000004,0.0
779,4.0,-2.600672363,0.0
780,4.0,-2.611117188,0.0
781,4.0,-2.6215625,0.0
782,4.0,-2.632308105,0.0
783,4.0,-2.64126123,0.0
784,4.0,-2.651634766,0.0
785,4.0,-2.662546387,0.0
786,4.0,-2.673272949,0.0
787,4.0,-2.683600098,0.0
788,4.0,-2.694163086,0.0
789,4.0,-2.704640625,0.0
790,4.0,-2.715050049,0.0
791,4.0,-2.725816895,0.0
792,4.0,-2.736071289,0.0
793,4.0,-2.746852783,0.0
794,4.0,-2.757232422,0.0
795,4.0,-2.767936523,0.0
796,4.0,-2.77903418,0.0
797,4.0,-2.78896582,0.0
798,4.0,-2.7996135250000003,0.0
799,4.0,-2.810201416,0.0
800,4.0,-2.820551758,0.0
801,4.0,-2.830996094,0.0
802,4.0,-2.841158936,0.0
803,4.0,-2.85170752,0.0
804,4.0,-2.862014404,0.0
805,4.0,-2.872195068,0.0
806,4.0,-2.881921387,0.0
807,4.0,-2.891622803,0.0
808,4.0,-2.901909424,0.0
809,4.0,-2.911509766,0.0
810,4.0,-2.920931152,0.0
811,4.0,-2.9307702640000004,0.0
812,4.0,-2.940699219,0.0
813,4.0,-2.950605957,0.0
814,4.0,-2.960504883,0.0
815,4.0,-2.970442383,0.0
816,4.0,-2.980388916,0.0
817,4.0,-2.9903054200000003,0.0
818,4.0,-3.000175781,0.0
819,4.0,-3.010255615,0.0
820,4.0,-3.020152588,0.0
821,4.0,-3.0300185550000003,0.0
822,4.0,-3.039991699,0.0
823,4.0,-3.04978833,0.0
824,4.0,-3.059895508,0.0
825,4.0,-3.069803711,0.0
826,4.0,-3.079697266,0.0
827,4.0,-3.089848877,0.0
828,4.0,-3.099741455,0.0
829,4.0,-3.109576904,0.0
830,4.0,-3.119598389,0.0
831,4.0,-3.1296254880000003,0.0
832,4.0,-3.139368164,0.0
833,4.0,-3.149561035,0.0
834,4.0,-3.159623535,0.0
835,4.0,-3.169522461,0.0
836,4.0,-3.179476562,0.0
837,4.0,-3.191435059,0.0
838,4.0,-3.201830322,0.0
839,4.0,-3.211740234,0.0
840,4.0,-3.2219577640000003,0.0
841,4.0,-3.231833984,0.0
842,4.0,-3.242071777,0.0
843,4.0,-3.25197583,0.0
844,4.0,-3.262150635,0.0
845,4.0,-3.272143066,0.0
846,4.0,-3.282355225,0.0
847,4.0,-3.292774902,0.0
848,4.0,-3.30300415,0.0
849,4.0,-3.313135986,0.0
850,4.0,-3.323228271,0.0
851,4.0,-3.333328125,0.0
852,4.0,-3.343508545,0.0
853,4.0,-3.353344971,0.0
854,4.0,-3.362997559,0.0
855,4.0,-3.372421387,0.0
856,4.0,-3.3816684570000004,0.0
857,4.0,-3.390640625,0.0
858,4.0,-3.399618652,0.0
859,4.0,-3.408460205,0.0
860,4.0,-3.417255615,0.0
861,4.0,-3.426006592,0.0
862,4.0,-3.43475,0.0
863,4.0,-3.443479004,0.0
864,4.0,-3.451966553,0.0
865,4.0,-3.460487793,0.0
866,4.0,-3.468922607,0.0
867,4.0,-3.476526367,0.0
868,4.0,-3.484963379,0.0
869,4.0,-3.494085938,0.0
870,4.0,-3.502279297,0.0
871,4.0,-3.510154297,0.0
872,4.0,-3.51917041,0.0
873,4.0,-3.526808838,0.0
874,4.0,-3.535792236,0.0
875,4.0,-3.54368457,0.0
876,4.0,-3.55202124,0.0
877,4.0,-3.560484131,0.0
878,4.0,-3.568288086,0.0
879,4.0,-3.576674316,0.0
880,4.0,-3.584973633,0.0
881,4.0,-3.593209229,0.0
882,4.0,-3.601506836,0.0
883,4.0,-3.609347412,0.0
884,4.0,-3.616815918,0.0
885,4.0,-3.622282471,0.0
886,4.0,-3.63025,0.0
887,4.0,-3.637876465,0.0
888,4.0,-3.646679199,55.73442974898728
889,3.995186523,-3.655070557,29.03756959386675
890,3.989008789,-3.661209961,11.762349119335772
891,3.982649902,-3.669112549,23.341773193264032
892,3.979157959,-3.676011719,25.124822343839252
893,3.973067139,-3.683439697,22.59653648093861
894,3.964213379,-3.690160889,56.069997480966954
895,3.961160156,-3.698338623,26.969740182375322
896,3.956346436,-3.705498291,16.410474946774457
897,3.950010254,-3.712438232,13.328735057764359
898,3.942449707,-3.718833984,9.2062275715467
899,3.935931152,-3.725417969,3.756326391867279
900,3.929890625,-3.731950439,23.42200485282897
901,3.925248779,-3.739781006,28.937886380147624
902,3.918616211,-3.746207031,40.99671718672078
903,3.914907227,-3.754390625,38.85042763416957
904,3.908377441,-3.760965576,40.683723078853596
905,3.895740479,-3.765217285,62.923331397441274
906,3.89121167,-3.773031738,1.1203991748370976
907,3.887274658,-3.779976807,8.65556108951467
908,3.883841797,-3.787142578,18.993529471948786
909,3.879542236,-3.793492676,63.12413396594194
910,3.864988525,-3.797034668,70.14373992343675
911,3.861310303,-3.803564453,68.63577782317789
912,3.863111084,-3.815010254,88.28080070331376
913,3.857175781,-3.821160156,2.2249490057396306
914,3.851416748,-3.82735791,62.79161406948819
915,3.83974707,-3.829387451,62.17472418678688
916,3.833773438,-3.835882324,13.719434119735494
917,3.82707373,-3.841596436,19.45579005158596
918,3.817911377,-3.846813965,49.12576215130582
919,3.813451904,-3.85341333,45.492270961105994
920,3.811631348,-3.861289795,93.22689011446937
921,3.802120605,-3.865814941,57.480478914810284
922,3.797607178,-3.872698975,39.31538121627499
923,3.790719727,-3.878002686,106.79089332947103
924,3.792041504,-3.887930664,96.2623029051174
925,3.784637939,-3.894302979,1.187813800549792
926,3.777900391,-3.900233887,4.525806050405301
927,3.771650391,-3.906194092,9.05458103166018
928,3.764388184,-3.912069824,1.0532725062474724
929,3.757645752,-3.91763208,4.28370479352505
930,3.750880371,-3.923661133,4.1477751731495
931,3.743601562,-3.929663086,3.3760050601989744
932,3.736947998,-3.935503662,4.3797102992483055
933,3.729642822,-3.941416504,0.7828331766523565
934,3.722418945,-3.947351807,0.2308249099535377
935,3.715269043,-3.953200684,0.5979130304443765
936,3.708116455,-3.959118164,1.0237948368487102
937,3.701030273,-3.965094971,1.1612837935159375
938,3.693895752,-3.970982422,0.8644769196201251
939,3.686723633,-3.976998535,2.062634326653789
940,3.679448486,-3.982865723,4.536778975115788
941,3.672480957,-3.988988037,4.05340977550058
942,3.665055908,-3.995025879,2.499352895257831
943,3.657898682,-4.001133545,0.29012889289596444
944,3.650644287,-4.007289795,1.1346411839618158
945,3.643162598,-4.013499756,5.014216273147182
946,3.636428467,-4.019648926,6.398987897240079
947,3.628685059,-4.025897949,3.594508269694273
948,3.621333252,-4.032273193,1.2837428559106983
949,3.614032715,-4.038447266,3.2257755373595507
950,3.605830566,-4.044941406,6.517934075626069
951,3.599085205,-4.051019287,3.596835858073903
952,3.5915134280000003,-4.057387451,1.5771802730368212
953,3.584074463,-4.063451172,1.3948380931762567
954,3.576625244,-4.069692139,2.469862280729573
955,3.56869751,-4.076009766,4.089602732641361
956,3.561829834,-4.081938232,4.543644648240945
957,3.554265381,-4.08792627,0.40620140620998996
958,3.546834961,-4.093761475,2.3029300749127732
959,3.539186523,-4.10004834,2.4137871832210913
960,3.531767822,-4.105861816,0.6490225654970123
961,3.524182129,-4.111730957,0.21201212135579
962,3.516333252,-4.117777832,0.39044005232214124
963,3.508825439,-4.123607422,3.1785907783234877
964,3.500977539,-4.129325684,4.164089980258221
965,3.493628418,-4.135141113,3.116695269187659
966,3.48575,-4.141000977,0.4262015607335323
967,3.477960449,-4.146744629,2.853170995794466
968,3.469496582,-4.152620605,6.969374232180021
969,3.462129639,-4.158525391,8.251539885870754
970,3.455872559,-4.164353516,20.696109009020557
971,3.446250488,-4.170182129,11.817727426174676
972,3.4387260740000003,-4.1761166990000005,1.4568389869739202
973,3.4309421390000003,-4.18207959,6.499350624176552
974,3.422429199,-4.187761719,6.075157558807056
975,3.414526367,-4.193767090000001,0.46169077133439573
976,3.406796875,-4.199696289,5.651186120353015
977,3.398170898,-4.2055639650000005,2.0531007484620494
978,3.389637451,-4.211640625,3.1368389940487735
979,3.380809814,-4.21749707,4.448670698044166
980,3.3726696780000003,-4.223454102,1.4052699477575112
981,3.3642465820000003,-4.22943457,0.4855521269757819
982,3.3560690920000003,-4.235180176,1.2947155845283653
983,3.347789062,-4.241161132999999,3.0617796290175607
984,3.339245117,-4.246933105,2.019926410557445
985,3.330347656,-4.253225585999999,0.9050231529795825
986,3.322399658,-4.258736328,0.11615957014601681
987,3.31405249,-4.264538086,0.7456109968896015
988,3.305175537,-4.270605957,1.921553162760667
989,3.2969421390000004,-4.275998047,3.8142091896229267
990,3.288706299,-4.281851074,2.875199681211768
991,3.280103027,-4.287592285,0.7124485299025256
992,3.271617188,-4.293166016,0.45834973039327437
993,3.263070068,-4.298837402,2.4029070786739175
994,3.254521484,-4.304213379,1.2615796020249417
995,3.245683838,-4.309613281,2.146233905616099
996,3.23719165,-4.315061523000001,3.005160541477541
997,3.228385986,-4.320337891,3.162631565725897
998,3.21939624,-4.325334960999999,31.010754462904245
999,3.2012524410000003,-4.326451172,33.03710355864835
1000,3.192377686,-4.331746582,0.9169993198093914
1001,3.18396875,-4.336659668,3.299236111726065
1002,3.174918701,-4.341553711,4.119867012152441
1003,3.166467529,-4.346587402,2.086454796959061
1004,3.15733252,-4.351769043,2.1921232182758805
1005,3.14905957,-4.356226074,0.5386337684467405
1006,3.140146484,-4.3609677730000005,5.981116433428077
1007,3.1318327640000003,-4.366044922,2.5395197908725806
1008,3.123373047,-4.370927734,2.284329754558202
1009,3.115099121,-4.375464355,12.436389330285552
1010,3.107737549,-4.380679688,5.339977108031381
1011,3.101425293,-4.384745605,10.603980545643145
1012,3.092859375,-4.389217773,10.25493405539419
1013,3.084789062,-4.394507812,16.856921533467656
1014,3.076398926,-4.39826709,39.221578194190364
1015,3.070357666,-4.404101562,34.1730077786799
1016,3.061962646,-4.4082919920000005,24.99340429386346
1017,3.051852539,-4.417802246,23.860745826672883
1018,3.043268799,-4.422196777,2.339714495173971
1019,3.034784912,-4.426784668,2.363403784066669
1020,3.026426758,-4.431064453,0.9530857716195116
1021,3.0175673830000003,-4.435498535,0.45504643071342743
1022,3.009368896,-4.439646484,53.62246237712319
1023,2.998591797,-4.438842285,53.258163812910915
1024,2.990005371,-4.443289062,6.660507775310267
1025,2.981572754,-4.447003906,0.27033370390746714
1026,2.972965088,-4.450821777,1.2541546604876288
1027,2.964143311,-4.454609375,1.0755151354695727
1028,2.955718506,-4.458126465,7.122035273196524
1029,2.946987793,-4.462481934,10.136267243283152
1030,2.938253174,-4.465828125,2.04637507652254
1031,2.929446045,-4.469398438,1.9415177463686044
1032,2.92043457,-4.47285791,3.4894664237124413
1033,2.911588135,-4.4759213870000005,1.0704474532731103
1034,2.902789307,-4.479067382999999,2.9791936047143026
1035,2.893852783,-4.481983887,3.540698285233947
1036,2.884911377,-4.484577637,7.613137702628701
1037,2.875852783,-4.487931152,0.23093455403756138
1038,2.867182129,-4.491162598,6.858768150011372
1039,2.858260498,-4.4938544920000005,4.781818578374564
1040,2.84960083,-4.496891112999999,2.709979908331561
1041,2.840770508,-4.499741699,31.180303573957847
1042,2.8319660640000004,-4.5,3.362737102998186
1043,2.823331299,-4.5,0.0
1044,2.814339111,-4.5,0.0
1045,2.805799316,-4.5,0.0
1046,2.79692749,-4.5,0.0
1047,2.788061279,-4.5,0.0
1048,2.779230713,-4.5,0.0
1049,2.770411133,-4.5,0.0
1050,2.761434814,-4.5,0.0
1051,2.752469482,-4.5,0.0
1052,2.743447021,-4.5,0.0
1053,2.734432373,-4.5,0.0
1054,2.725861328,-4.5,0.0
1055,2.71693457,-4.5,0.0
1056,2.708245605,-4.5,0.0
1057,2.699358643,-4.5,0.0
1058,2.6906521,-4.5,0.0
1059,2.681905762,-4.5,0.0
1060,2.673247803,-4.5,0.0
1061,2.664553955,-4.5,0.0
1062,2.65520752,-4.5,0.0
1063,2.646635498,-4.5,0.0
1064,2.637981201,-4.5,0.0
1065,2.629300537,-4.5,0.0
1066,2.620528564,-4.5,0.0
1067,2.611697266,-4.5,0.0
1068,2.602718506,-4.5,0.0
1069,2.593890381,-4.5,0.0
1070,2.584955811,-4.5,0.0
1071,2.575847412,-4.5,0.0
1072,2.566868164,-4.5,0.0
1073,2.557720215,-4.5,0.0
1074,2.548651855,-4.5,0.0
1075,2.5394965820000004,-4.5,0.0
1076,2.530311279,-4.5,0.0
1077,2.52106958,-4.5,0.0
1078,2.511632568,-4.5,0.0
1079,2.502193848,-4.5,0.0
1080,2.49254126,-4.5,0.0
1081,2.482793213,-4.5,0.0
1082,2.473025146,-4.5,0.0
1083,2.4631853030000004,-4.5,0.0
1084,2.453531982,-4.5,0.0
1085,2.443730225,-4.5,0.0
1086,2.433893311,-4.5,0.0
1087,2.424091553,-4.5,0.0
1088,2.414189453,-4.5,0.0
1089,2.404446777,-4.5,0.0
1090,2.394695068,-4.5,0.0
1091,2.384790283,-4.5,0.0
1092,2.374818115,-4.5,0.0
1093,2.365001953,-4.5,0.0
1094,2.355068848,-4.5,0.0
1095,2.34498291,-4.5,0.0
1096,2.334817383,-4.5,0.0
1097,2.324749023,-4.5,0.0
1098,2.3147136230000003,-4.5,0.0
1099,2.3045129390000003,-4.5,0.0
1100,2.294416016,-4.5,0.0
1101,2.284159424,-4.5,0.0
1102,2.273890137,-4.5,0.0
1103,2.263730225,-4.5,0.0
1104,2.2533671880000004,-4.5,0.0
1105,2.2430085450000004,-4.5,0.0
1106,2.232739258,-4.5,0.0
1107,2.222436523,-4.5,0.0
1108,2.212007568,-4.5,0.0
1109,2.201568604,-4.5,0.0
1110,2.191227783,-4.5,0.0
1111,2.180885742,-4.5,0.0
1112,2.170563965,-4.5,0.0
1113,2.160123291,-4.5,0.0
1114,2.149996826,-4.5,0.0
1115,2.13973584,-4.5,0.0
1116,2.130374268,-4.5,0.0
1117,2.120575684,-4.5,0.0
1118,2.1103022460000003,-4.5,0.0
1119,2.100191162,-4.5,0.0
1120,2.090532959,-4.5,0.0
1121,2.080124756,-4.5,0.0
1122,2.070087402,-4.5,0.0
1123,2.059858154,-4.5,0.0
1124,2.049703613,-4.5,0.0
1125,2.039385742,-4.5,0.0
1126,2.02927832,-4.5,0.0
1127,2.019336914,-4.5,0.0
1128,2.008944458,-4.5,0.0
1129,1.998759399,-4.5,0.0
1130,1.988522583,-4.5,0.0
1131,1.978248291,-4.5,0.0
1132,1.968012451,-4.5,0.0
1133,1.957966309,-4.5,0.0
1134,1.947530273,-4.5,0.0
1135,1.937208862,-4.5,0.0
1136,1.927025391,-4.5,0.0
1137,1.916987427,-4.5,0.0
1138,1.906846191,-4.5,0.0
1139,1.896650269,-4.5,0.0
1140,1.88629895,-4.5,0.0
1141,1.87611731,-4.5,0.0
1142,1.86612207,-4.5,0.0
1143,1.855956665,-4.5,0.0
1144,1.845657959,-4.5,0.0
1145,1.8351698,-4.5,0.0
1146,1.825144531,-4.5,0.0
1147,1.814797363,-4.5,0.0
1148,1.804476562,-4.5,0.0
1149,1.7942089840000002,-4.5,0.0
1150,1.784009521,-4.5,0.0
1151,1.773953491,-4.5,0.0
1152,1.763549683,-4.5,0.0
1153,1.753431396,-4.5,0.0
1154,1.743376587,-4.5,0.0
1155,1.733323242,-4.5,0.0
1156,1.723623535,-4.5,0.0
1157,1.713676514,-4.5,0.0
1158,1.703582642,-4.5,0.0
1159,1.693739258,-4.5,0.0
1160,1.6839342039999998,-4.5,0.0
1161,1.674107788,-4.5,0.0
1162,1.664274292,-4.5,0.0
1163,1.6544277340000002,-4.5,0.0
1164,1.644548218,-4.5,0.0
1165,1.6347052000000002,-4.5,0.0
1166,1.624781494,-4.5,0.0
1167,1.6149648440000002,-4.5,0.0
1168,1.605140137,-4.5,0.0
1169,1.595276978,-4.5,0.0
1170,1.585450562,-4.5,0.0
1171,1.57556189,-4.5,0.0
1172,1.565700562,-4.5,0.0
1173,1.555804077,-4.5,0.0
1174,1.545898193,-4.5,0.0
1175,1.535943481,-4.5,0.0
1176,1.525973877,-4.5,0.0
1177,1.51590625,-4.5,0.0
1178,1.505948364,-4.5,0.0
1179,1.4958336179999998,-4.5,0.0
1180,1.485723633,-4.5,0.0
1181,1.4754541019999998,-4.5,0.0
1182,1.466248901,-4.5,0.0
1183,1.456048828,-4.5,0.0
1184,1.4458114009999998,-4.5,0.0
1185,1.4355439449999998,-4.5,0.0
1186,1.4254646,-4.5,0.0
1187,1.415177246,-4.5,0.0
1188,1.404750977,-4.5,0.0
1189,1.394342529,-4.5,0.0
1190,1.383822144,-4.5,0.0
1191,1.373293457,-4.5,0.0
1192,1.362677856,-4.5,0.0
1193,1.352000854,-4.5,0.0
1194,1.341230347,-4.5,0.0
1195,1.330366821,-4.5,0.0
1196,1.319516235,-4.5,0.0
1197,1.308575439,-4.5,0.0
1198,1.29756958,-4.5,0.0
1199,1.286604858,-4.5,0.0
1200,1.2756182859999998,-4.5,0.0
1201,1.264584106,-4.5,0.0
1202,1.253186523,-4.5,0.0
1203,1.242055664,-4.5,0.0
1204,1.230859009,-4.5,0.0
1205,1.218968994,-4.5,0.0
1206,1.207689087,-4.5,0.0
1207,1.1964841309999998,-4.5,0.0
1208,1.1852677,-4.5,0.0
1209,1.174317383,-4.5,0.0
1210,1.163278442,-4.5,0.0
1211,1.152368164,-4.5,0.0
1212,1.141534424,-4.5,0.0
1213,1.130697021,-4.5,0.0
1214,1.120060547,-4.5,0.0
1215,1.109721924,-4.5,0.0
1216,1.09919397,-4.5,0.0
1217,1.088717163,-4.5,0.0
1218,1.078239502,-4.5,0.0
1219,1.067702393,-4.5,0.0
1220,1.057044922,-4.5,0.0
1221,1.046803589,-4.5,0.0
1222,1.036198608,-4.5,0.0
1223,1.0255485839999998,-4.5,0.0
1224,1.014751648,-4.5,0.0
1225,1.004046204,-4.5,0.0
1226,0.99336322,-4.5,0.0
1227,0.982649658,-4.5,0.0
1228,0.971855469,-4.5,0.0
1229,0.961025269,-4.5,0.0
1230,0.950355164,-4.5,0.0
1231,0.939573853,-4.5,0.0
1232,0.928530273,-4.5,0.0
1233,0.91746814,-4.5,0.0
1234,0.906223267,-4.5,0.0
1235,0.8951067500000001,-4.5,0.0
1236,0.88422583,-4.5,0.0
1237,0.87306311,-4.5,0.0
1238,0.861885071,-4.5,0.0
1239,0.850718018,-4.5,0.0
1240,0.839575928,-4.5,0.0
1241,0.82837738,-4.5,0.0
1242,0.817177856,-4.5,0.0
1243,0.805977478,-4.5,0.0
1244,0.794698547,-4.5,0.0
1245,0.783412537,-4.5,0.0
1246,0.7720851440000001,-4.5,0.0
1247,0.760770264,-4.5,0.0
1248,0.749469482,-4.5,0.0
1249,0.738051208,-4.5,0.0
1250,0.726765503,-4.5,0.0
1251,0.715508789,-4.5,0.0
1252,0.704293884,-4.5,0.0
1253,0.693195862,-4.5,0.0
1254,0.682260376,-4.5,0.0
1255,0.6714839480000001,-4.5,0.0
1256,0.660756226,-4.5,0.0
1257,0.650147644,-4.5,0.0
1258,0.639568665,-4.5,0.0
1259,0.628969238,-4.5,0.0
1260,0.618434326,-4.5,0.0
1261,0.607725952,-4.5,0.0
1262,0.597534912,-4.5,0.0
1263,0.5869480589999999,-4.5,0.0
1264,0.576332947,-4.5,0.0
1265,0.565631409,-4.5,0.0
1266,0.5550031129999999,-4.5,0.0
1267,0.544325623,-4.5,0.0
1268,0.533619995,-4.5,0.0
1269,0.522944946,-4.5,0.0
1270,0.512316223,-4.5,0.0
1271,0.501693115,-4.5,0.0
1272,0.491054291,-4.5,0.0
1273,0.480436035,-4.5,0.0
1274,0.469791687,-4.5,0.0
1275,0.459061218,-4.5,0.0
1276,0.448116974,-4.5,0.0
1277,0.437501282,-4.5,0.0
1278,0.426554413,-4.5,0.0
1279,0.415803345,-4.5,0.0
1280,0.405034363,-4.5,0.0
1281,0.394372681,-4.5,0.0
1282,0.3833818049999999,-4.5,0.0
1283,0.372623596,-4.5,0.0
1284,0.361895386,-4.5,0.0
1285,0.351046265,-4.5,0.0
1286,0.3402666629999999,-4.5,0.0
1287,0.3294141849999999,-4.5,0.0
1288,0.3185676879999999,-4.5,0.0
1289,0.307669739,-4.5,0.0
1290,0.296778931,-4.5,0.0
1291,0.285776672,-4.5,0.0
1292,0.274827179,-4.5,0.0
1293,0.263933472,-4.5,0.0
1294,0.252900391,-4.5,0.0
1295,0.2419325709999999,-4.5,0.0
1296,0.2312267,-4.5,0.0
1297,0.220242004,-4.5,0.0
1298,0.20937796,-4.5,0.0
1299,0.198544357,-4.5,0.0
1300,0.187558807,-4.5,0.0
1301,0.176710495,-4.5,0.0
1302,0.165742874,-4.5,0.0
1303,0.154722641,-4.5,0.0
1304,0.14381189,-4.5,0.0
1305,0.132903503,-4.5,0.0
1306,0.121980217,-4.5,0.0
1307,0.111113037,-4.5,0.0
1308,0.100338066,-4.5,0.0
1309,0.089653008,-4.5,0.0
1310,0.078977715,-4.5,0.0
1311,0.068452385,-4.5,0.0
1312,0.057988617,-4.5,0.0
1313,0.047437042,-4.5,0.0
1314,0.036946743,-4.5,0.0
1315,0.026421429,-4.5,0.0
1316,0.015839629,-4.5,0.0
1317,0.00519999,-4.5,0.0
1318,-0.005400025,-4.5,0.0
1319,-0.016208729,-4.5,0.0
1320,-0.026996435,-4.5,0.0
1321,-0.037782249,-4.5,0.0
1322,-0.0487181629999999,-4.5,0.0
1323,-0.059546642,-4.5,0.0
1324,-0.0705264509999999,-4.5,0.0
1325,-0.081371773,-4.5,0.0
1326,-0.092347092,-4.5,0.0
1327,-0.1032666399999999,-4.5,0.0
1328,-0.114135475,-4.5,0.0
1329,-0.1249691239999999,-4.5,0.0
1330,-0.136049103,-4.5,0.0
1331,-0.1469912109999999,-4.5,0.0
1332,-0.158138,-4.5,0.0
1333,-0.169159164,-4.5,0.0
1334,-0.180146515,-4.5,0.0
1335,-0.191018692,-4.5,0.0
1336,-0.202317596,-4.5,0.0
1337,-0.213280426,-4.5,0.0
1338,-0.224541199,-4.5,0.0
1339,-0.235518784,-4.5,0.0
1340,-0.2467183379999999,-4.5,0.0
1341,-0.257998352,-4.5,0.0
1342,-0.269216217,-4.5,0.0
1343,-0.280330048,-4.5,0.0
1344,-0.291225586,-4.5,0.0
1345,-0.302509735,-4.5,0.0
1346,-0.313691162,-4.5,0.0
1347,-0.324865387,-4.5,0.0
1348,-0.335842041,-4.5,0.0
1349,-0.347053253,-4.5,0.0
1350,-0.358189972,-4.5,0.0
1351,-0.36930249,-4.5,0.0
1352,-0.380302765,-4.5,0.0
1353,-0.391445038,-4.5,0.0
1354,-0.402438416,-4.5,0.0
1355,-0.413226715,-4.5,0.0
1356,-0.424046692,-4.5,0.0
1357,-0.434719849,-4.5,0.0
1358,-0.44531781,-4.5,0.0
1359,-0.455762207,-4.5,0.0
1360,-0.46624115,-4.5,0.0
1361,-0.476516022,-4.5,0.0
1362,-0.4870315249999999,-4.5,0.0
1363,-0.497853088,-4.5,0.0
1364,-0.508411469,-4.5,0.0
1365,-0.518898804,-4.5,0.0
1366,-0.5293017579999999,-4.5,0.0
1367,-0.5400516360000001,-4.5,0.0
1368,-0.550586609,-4.5,0.0
1369,-0.561263916,-4.5,0.0
1370,-0.5721447749999999,-4.5,0.0
1371,-0.582946594,-4.5,0.0
1372,-0.593839478,-4.5,0.0
1373,-0.604707092,-4.5,0.0
1374,-0.6155902099999999,-4.5,0.0
1375,-0.626520325,-4.5,0.0
1376,-0.637518433,-4.5,0.0
1377,-0.648518433,-4.5,0.0
1378,-0.659669128,-4.5,0.0
1379,-0.67079071,-4.5,0.0
1380,-0.681877869,-4.5,0.0
1381,-0.693135254,-4.5,0.0
1382,-0.7042870480000001,-4.5,0.0
1383,-0.715618469,-4.5,0.0
1384,-0.726840271,-4.5,0.0
1385,-0.7379890139999999,-4.5,0.0
1386,-0.7489374390000001,-4.5,0.0
1387,-0.759978088,-4.5,0.0
1388,-0.771090515,-4.5,0.0
1389,-0.782140808,-4.5,0.0
1390,-0.7932963869999999,-4.5,0.0
1391,-0.80441571,-4.5,0.0
1392,-0.815644226,-4.5,0.0
1393,-0.826756348,-4.5,0.0
1394,-0.838093994,-4.5,0.0
1395,-0.849479797,-4.5,0.0
1396,-0.861095459,-4.5,0.0
1397,-0.872516602,-4.5,0.0
1398,-0.8840644529999999,-4.5,0.0
1399,-0.895390442,-4.5,0.0
1400,-0.907212891,-4.5,0.0
1401,-0.918711853,-4.5,0.0
1402,-0.930112061,-4.5,0.0
1403,-0.94196759,-4.5,0.0
1404,-0.953677063,-4.5,0.0
1405,-0.965059143,-4.5,0.0
1406,-0.976385071,-4.5,0.0
1407,-0.987809692,-4.5,0.0
1408,-0.999047424,-4.5,0.0
1409,-1.0101026,-4.5,0.0
1410,-1.021053894,-4.5,0.0
1411,-1.032120972,-4.5,0.0
1412,-1.0430710449999998,-4.5,0.0
1413,-1.053998779,-4.5,0.0
1414,-1.064552612,-4.5,0.0
1415,-1.07587207,-4.5,0.0
1416,-1.0868481449999998,-4.5,0.0
1417,-1.097979248,-4.5,0.0
1418,-1.109043213,-4.5,0.0
1419,-1.120129517,-4.5,0.0
1420,-1.131147583,-4.5,0.0
1421,-1.142257324,-4.5,0.0
1422,-1.153357544,-4.5,0.0
1423,-1.164227905,-4.5,0.0
1424,-1.175349854,-4.5,0.0
1425,-1.186381714,-4.5,0.0
1426,-1.197664062,-4.5,0.0
1427,-1.208854858,-4.5,0.0
1428,-1.22014624,-4.5,0.0
1429,-1.231256226,-4.5,0.0
1430,-1.24267334,-4.5,0.0
1431,-1.253948364,-4.5,0.0
1432,-1.265300659,-4.5,0.0
1433,-1.276491211,-4.5,0.0
1434,-1.287758789,-4.5,0.0
1435,-1.299091553,-4.5,0.0
1436,-1.310272949,-4.5,0.0
1437,-1.321463013,-4.5,0.0
1438,-1.332515991,-4.5,0.0
1439,-1.343534668,-4.5,0.0
1440,-1.355064453,-4.5,0.0
1441,-1.366053589,-4.5,0.0
1442,-1.377279175,-4.5,0.0
1443,-1.388151733,-4.5,0.0
1444,-1.3991910399999998,-4.5,0.0
1445,-1.410165161,-4.5,0.0
1446,-1.421023438,-4.5,0.0
1447,-1.432189819,-4.5,0.0
1448,-1.44325,-4.5,0.0
1449,-1.454299438,-4.5,0.0
1450,-1.464956299,-4.5,0.0
1451,-1.475772217,-4.5,0.0
1452,-1.48653833,-4.5,0.0
1453,-1.497121704,-4.5,0.0
1454,-1.50762854,-4.5,0.0
1455,-1.518081055,-4.5,0.0
1456,-1.528512695,-4.5,0.0
1457,-1.538794312,-4.5,0.0
1458,-1.548963379,-4.5,0.0
1459,-1.559245728,-4.5,0.0
1460,-1.569399536,-4.5,0.0
1461,-1.57948938,-4.5,0.0
1462,-1.589611572,-4.5,0.0
1463,-1.599750732,-4.5,0.0
1464,-1.609870117,-4.5,0.0
1465,-1.6200108640000002,-4.5,0.0
1466,-1.630163818,-4.5,0.0
1467,-1.6400317379999998,-4.5,0.0
1468,-1.650348755,-4.5,0.0
1469,-1.660432129,-4.5,0.0
1470,-1.6705816649999998,-4.5,0.0
1471,-1.680671875,-4.5,0.0
1472,-1.690841064,-4.5,0.0
1473,-1.700933228,-4.5,0.0
1474,-1.710912476,-4.5,0.0
1475,-1.721305908,-4.5,0.0
1476,-1.731477417,-4.5,0.0
1477,-1.741733643,-4.5,0.0
1478,-1.751541016,-4.5,0.0
1479,-1.761709106,-4.5,0.0
1480,-1.771873047,-4.5,0.0
1481,-1.782183838,-4.5,0.0
1482,-1.79210437,-4.5,0.0
1483,-1.802654053,-4.5,0.0
1484,-1.812515015,-4.5,0.0
1485,-1.822668945,-4.5,0.0
1486,-1.83257605,-4.5,0.0
1487,-1.842549194,-4.5,0.0
1488,-1.852714722,-4.5,0.0
1489,-1.862709106,-4.5,0.0
1490,-1.87244458,-4.5,0.0
1491,-1.882454468,-4.5,0.0
1492,-1.89207373,-4.5,0.0
1493,-1.902283325,-4.5,0.0
1494,-1.912135864,-4.5,0.0
1495,-1.922160767,-4.5,0.0
1496,-1.932037476,-4.5,0.0
1497,-1.942076782,-4.5,0.0
1498,-1.952293701,-4.5,0.0
1499,-1.962262085,-4.5,0.0
1500,-1.972163086,-4.5,0.0
1501,-1.982082397,-4.5,0.0
1502,-1.992005859,-4.5,0.0
1503,-2.001822021,-4.5,0.0
1504,-2.011684937,-4.5,0.0
1505,-2.021617188,-4.5,0.0
1506,-2.031879639,-4.5,0.0
1507,-2.041779785,-4.5,0.0
1508,-2.051741455,-4.5,0.0
1509,-2.061634033,-4.5,0.0
1510,-2.071809326,-4.5,0.0
1511,-2.081617432,-4.5,0.0
1512,-2.091336182,-4.5,0.0
1513,-2.101690674,-4.5,0.0
1514,-2.1112146,-4.5,0.0
1515,-2.121121826,-4.5,0.0
1516,-2.131197998,-4.5,0.0
1517,-2.141049805,-4.5,0.0
1518,-2.151052002,-4.5,0.0
1519,-2.1596447750000003,-4.5,0.0
1520,-2.16930127,-4.5,0.0
1521,-2.179760986,-4.5,0.0
1522,-2.189430908,-4.5,0.0
1523,-2.199122559,-4.5,0.0
1524,-2.208898193,-4.5,0.0
1525,-2.218602295,-4.5,0.0
1526,-2.228271973,-4.5,0.0
1527,-2.237690186,-4.5,0.0
1528,-2.24723584,-4.5,0.0
1529,-2.256827393,-4.5,0.0
1530,-2.266255615,-4.5,0.0
1531,-2.27560498,-4.5,0.0
1532,-2.286040283,-4.5,0.0
1533,-2.295711426,-4.5,0.0
1534,-2.305139893,-4.5,0.0
1535,-2.3142409670000004,-4.5,0.0
1536,-2.323656494,-4.5,0.0
1537,-2.332880127,-4.5,0.0
1538,-2.342015137,-4.5,0.0
1539,-2.351081299,-4.5,0.0
1540,-2.360270752,-4.5,0.0
1541,-2.369388184,-4.5,0.0
1542,-2.378418701,-4.5,0.0
1543,-2.387472412,-4.5,0.0
1544,-2.396581055,-4.5,0.0
1545,-2.4056628420000004,-4.5,0.0
1546,-2.414648682,-4.5,0.0
1547,-2.423941406,-4.5,0.0
1548,-2.433117188,-4.5,0.0
1549,-2.441878174,-4.5,0.0
1550,-2.451313965,-4.5,0.0
1551,-2.460379395,-4.5,0.0
1552,-2.469401123,-4.5,0.0
1553,-2.478660645,-4.5,0.0
1554,-2.487438477,-4.5,0.0
1555,-2.496323486,-4.5,0.0
1556,-2.505074463,-4.5,0.0
1557,-2.513855957,-4.5,0.0
1558,-2.522579834,-4.5,0.0
1559,-2.531257812,-4.5,0.0
1560,-2.539114746,-4.5,0.0
1561,-2.547534424,-4.5,0.0
1562,-2.55598584,-4.5,0.0
1563,-2.564433594,-4.5,0.0
1564,-2.572546387,-4.5,0.0
1565,-2.580930908,-4.5,0.0
1566,-2.589036865,-4.5,0.0
1567,-2.597194336,-4.5,0.0
1568,-2.605475342,-4.5,0.0
1569,-2.613437012,-4.5,0.0
1570,-2.621588867,-4.5,0.0
1571,-2.629722168,-4.5,0.0
1572,-2.637634521,-4.5,0.0
1573,-2.64555542,-4.5,0.0
1574,-2.653607178,-4.5,0.0
1575,-2.6624421390000004,-4.5,0.0
1576,-2.670406494,-4.5,0.0
1577,-2.678581055,-4.5,0.0
1578,-2.686558838,-4.5,0.0
1579,-2.694678955,-4.5,0.0
1580,-2.702614502,-4.5,0.0
1581,-2.710540039,-4.5,0.0
1582,-2.7186696780000004,-4.5,0.0
1583,-2.7264646,-4.5,0.0
1584,-2.734525391,-4.5,0.0
1585,-2.74275415,-4.5,0.0
1586,-2.750661377,-4.5,0.0
1587,-2.758548828,-4.5,0.0
1588,-2.766474365,-4.5,0.0
1589,-2.774355713,-4.5,0.0
1590,-2.7822233890000003,-4.5,0.0
1591,-2.790083252,-4.5,0.0
1592,-2.798381348,-4.5,0.0
1593,-2.806322998,-4.5,0.0
1594,-2.813916748,-4.5,0.0
1595,-2.821780273,-4.5,0.0
1596,-2.829397705,-4.5,0.0
1597,-2.837088623,-4.5,5.284287698698081
1598,-2.844708984,-4.499691406,78.21235970504516
1599,-2.852062256,-4.492903809,0.8739535907718493
1600,-2.859428955,-4.48598291,0.0389252563105926
1601,-2.866715088,-4.479143066,1.383222144170776
1602,-2.8739284670000003,-4.472181152,0.19716777328357696
1603,-2.881109375,-4.465223145,1.5054912700193979
1604,-2.888187256,-4.458155273,0.3416402761675556
1605,-2.895240723,-4.451063477,0.07057364209662104
1606,-2.90244043,-4.443834960999999,1.7639789573236089
1607,-2.909321289,-4.436676758,1.181259405484951
1608,-2.916374268,-4.429510742000001,0.6184410867507697
1609,-2.9236298830000003,-4.422044922,0.2860554827146361
1610,-2.930755127,-4.414756348,2.3844648433604063
1611,-2.937789307,-4.407199707,5.446299808513451
1612,-2.945046387,-4.400223633,3.7187603948157144
1613,-2.952047607,-4.392969727,0.5000916371431451
1614,-2.959101807,-4.385734375,0.5902070467474765
1615,-2.966137207,-4.378603516,0.8286614471644543
1616,-2.973195557,-4.371566895,3.7896646000597283
1617,-2.97979248,-4.364481445,2.1041319840592534
1618,-2.986291504,-4.357208496,11.064036059113526
1619,-2.993961426,-4.3503369140000006,8.143285480185225
1620,-3.000655273,-4.343275391,0.8951209204229135
1621,-3.007568115,-4.336110352,1.6724635114909643
1622,-3.014276123,-4.32892334,0.8089740387898298
1623,-3.021071289,-4.321758301,1.4283228061420101
1624,-3.027749268,-4.314515137,5.557938451575429
1625,-3.0339646,-4.306989258,4.875620270542043
1626,-3.040530029,-4.299768555,1.5575595192146416
1627,-3.046997803,-4.292434082,0.9127197081772577
1628,-3.05332373,-4.285130859,4.099740219711356
1629,-3.059544922,-4.2784833980000005,4.8737301927310055
1630,-3.0658491210000003,-4.271095703,1.1759081887873923
1631,-3.071979004,-4.263745117,1.3139326664568494
1632,-3.078314697,-4.25634082,6.682019390964278
1633,-3.084354492,-4.248253906,2.264132605215614
1634,-3.090401855,-4.240526367,3.052311194114195
1635,-3.096264893,-4.23255127,1.3665959380227943
1636,-3.102223633,-4.224671387,1.3136837387375337
1637,-3.108098389,-4.216688965,0.8836571325778282
1638,-3.113893311,-4.208668945,0.7299338885263518
1639,-3.1198698730000003,-4.200523438,3.7787336213507436
1640,-3.125425537,-4.192318359,0.4226544423434939
1641,-3.13114917,-4.183941895,5.3105928197915855
1642,-3.136298828,-4.175469726999999,2.6101120310797317
1643,-3.141710205,-4.167066895,0.14293918529257596
1644,-3.1470896,-4.1586875,2.235622379358728
1645,-3.152855713,-4.150138184,4.865266115823856
1646,-3.15783667,-4.14192041,1.8542854130114186
1647,-3.1632146,-4.133402344,0.38432407827060366
1648,-3.168503662,-4.124953125,2.8680583356745006
1649,-3.173408447,-4.1166035160000005,1.4485514431859543
1650,-3.178510986,-4.108191895,0.5961961614233631
1651,-3.183728516,-4.099704102,3.259964678186379
1652,-3.18844043,-4.091464111,1.5589455521533235
1653,-3.193404297,-4.083077881,0.9779679378260238
1654,-3.1985046390000003,-4.074646484,0.01691932136392321
1655,-3.203643799,-4.066147705,3.658113598109714
1656,-3.208287109,-4.057812256,4.662506088904747
1657,-3.213739258,-4.04901123,0.5618989519571654
1658,-3.218946777,-4.040496826,4.362970558267812
1659,-3.223651367,-4.032005859,2.3176449992130146
1660,-3.22868457,-4.023391357,0.12894194704243667
1661,-3.233697266,-4.014837158,0.6673545017864396
1662,-3.238642334,-4.006269043,0.23162055182716826
1663,-3.243577637,-3.997672363,0.14812130290885486
1664,-3.248501709,-3.989124268,0.4346655738225398
1665,-3.253374512,-3.980580811,0.9104928677179414
1666,-3.258143311,-3.972043457,2.479253636779092
1667,-3.263260986,-3.963388428,3.571942149284307
1668,-3.267922119,-3.954828369,0.9780221745765831
1669,-3.272402588,-3.946412109,1.193777461827246
1670,-3.276773926,-3.937970947,0.10742001924291356
1671,-3.281156006,-3.929487793,0.2782111506018127
1672,-3.285446777,-3.921127441,0.0734769751710818
1673,-3.28984082,-3.912580566,15.260723510714532
1674,-3.296373047,-3.903671387,13.704037903967627
1675,-3.300922852,-3.895155518,1.0017050331026685
1676,-3.305434326,-3.886510254,1.6779192111208439
1677,-3.309626465,-3.878153076,1.958209900041621
1678,-3.313967773,-3.869879883,28.414357458885064
1679,-3.315886719,-3.861702637,22.79271383119844
1680,-3.319517822,-3.853712646,5.883919284755158
1681,-3.323877197,-3.845342041,10.47176702922931
1682,-3.329118652,-3.83733667,10.85563582557863
1683,-3.3334348140000003,-3.828978027,0.1674038337761626
1684,-3.337811035,-3.820535889,0.27281052524281696
1685,-3.342127686,-3.812155762,3.7576822086470587
1686,-3.347016357,-3.803459229,3.3042476457422456
1687,-3.352586426,-3.794298584,8.18592416707011
1688,-3.356869629,-3.785721924,1.4369653777563065
1689,-3.360950684,-3.777263428,0.576177003751584
1690,-3.365095947,-3.768550049,1.3711734921819174
1691,-3.369309326,-3.75998584,0.8582940604379521
1692,-3.373489746,-3.751309082,3.0061397897232665
1693,-3.37733667,-3.742702393,2.565258424041186
1694,-3.381536865,-3.733893799,3.796566132699823
1695,-3.385278564,-3.725250244,2.4133638105200306
1696,-3.389260498,-3.716599609,1.4583079724975054
1697,-3.393236084,-3.70763208,8.483420930309764
1698,-3.397841064,-3.699196533,10.064104547901216
1699,-3.40169458,-3.690125,0.3230346769888079
1700,-3.405405273,-3.681312988,0.5544208051399654
1701,-3.409034912,-3.672564697,0.6818893706430607
1702,-3.412699463,-3.663566406,0.26929033137124525
1703,-3.416230225,-3.654832275,2.1676116782007457
1704,-3.419700439,-3.645706299,0.3553846212538896
1705,-3.423128906,-3.636595215,0.19848974313093706
1706,-3.426446045,-3.62772876,2.854627314468118
1707,-3.42967334,-3.61831543,4.103149630284735
1708,-3.432400635,-3.609186768,5.308584978514155
1709,-3.4356535640000003,-3.600031738,2.763010264263728
1710,-3.438658203,-3.590797119,1.0827071463154683
1711,-3.441922363,-3.58112085,0.6172695959373082
1712,-3.445056885,-3.572013428,9.375067629321917
1713,-3.4473767090000003,-3.562561279,6.306814989552165
1714,-3.450271484,-3.553270996,1.9955367142041058
1715,-3.452906982,-3.544205811,2.2748549455832756
1716,-3.455861328,-3.5348171390000003,0.7569905723605733
1717,-3.458631348,-3.525784424,0.82287050685177
1718,-3.461536133,-3.516571289,0.2779799048168389
1719,-3.464387451,-3.507610596,0.30943887271509296
1720,-3.467265869,-3.498471924,1.8245221245472052
1721,-3.4703259280000003,-3.489320068,1.561912735588265
1722,-3.473166992,-3.480383789,0.9993116170645148
1723,-3.476072998,-3.471530518,3.848232227389409
1724,-3.479466797,-3.462345459,13.525227977030058
1725,-3.481719238,-3.452118652,11.234876350527944
1726,-3.484819824,-3.443051758,4.961114119693308
1727,-3.487413086,-3.434123047,4.320601448683745
1728,-3.490416016,-3.425156982,4.724035984922672
1729,-3.493101807,-3.415735352,4.08460541308883
1730,-3.495990479,-3.406919922,3.427516737548233
1731,-3.498670654,-3.3977509770000003,0.668864833820947
1732,-3.50124707,-3.388725098,1.4131856421183375
1733,-3.503746338,-3.3795036620000003,0.5908291845566563
1734,-3.506139893,-3.3704729,1.1628577932757693
1735,-3.508534424,-3.361015625,0.4571831026223214
1736,-3.510854736,-3.352016357,3.5884587341210255
1737,-3.512921875,-3.342709229,1.9738476884905598
1738,-3.515150879,-3.333493896,1.7131059353366471
1739,-3.517236816,-3.32421167,2.2584455734780087
1740,-3.5191291500000004,-3.31485376,2.234979544924858
1741,-3.521206055,-3.305600586,1.4392459149655514
1742,-3.52312207,-3.2964892580000003,2.7465991591879564
1743,-3.525009033,-3.288479248,2.133810007170567
1744,-3.527019531,-3.279156494,2.79413677311858
1745,-3.528794678,-3.269704346,0.9218464656907159
1746,-3.5306228030000004,-3.260420898,3.049874655231484
1747,-3.532743896,-3.251087402,2.55635366078216
1748,-3.534576904,-3.242016846,1.3087417869216642
1749,-3.536374023,-3.232519775,3.64245041238592
1750,-3.538424561,-3.223418945,3.295492379635581
1751,-3.54023999,-3.214001465,0.5847988618192477
1752,-3.542098633,-3.204641846,0.4227964126868415
1753,-3.543976318,-3.195381104,0.10939801388776692
1754,-3.545888672,-3.185999512,0.40748595473449906
1755,-3.547818848,-3.176714844,0.8664528236769298
1756,-3.54971167,-3.1672146,0.045868561070496604
1757,-3.551593262,-3.15779248,7.12935490340336
1758,-3.552781738,-3.148717285,6.943392354299123
1759,-3.554658691,-3.139241211,2.3645026732853425
1760,-3.556802979,-3.129591064,1.8111737435998583
1761,-3.558727783,-3.120142578,0.37110344687983315
1762,-3.560599609,-3.110783936,0.49646719329132816
1763,-3.562510986,-3.101457275,0.84763554836106
1764,-3.564340088,-3.092151611,1.65924005123322
1765,-3.5660166020000004,-3.082852783,0.874301730398432
1766,-3.567753662,-3.0736521,0.2600041024639016
1767,-3.569435059,-3.064626953,3.096891034099394
1768,-3.570844971,-3.055657471,3.6437040992752165
1769,-3.572561768,-3.046687012,3.8244935273249263
1770,-3.573949219,-3.0377709960000003,2.7442413669253782
1771,-3.575113281,-3.028842041,1.5695531028652425
1772,-3.576394775,-3.019987305,1.4460999970308401
1773,-3.577780518,-3.011211914,1.6037024051077993
1774,-3.5790522460000003,-3.002335693,4.685630911579259
1775,-3.579918945,-2.993800293,5.4087170679591745
1776,-3.581322266,-2.98450415,0.7657918346706369
1777,-3.582599609,-2.975619385,3.571654107541459
1778,-3.584241455,-2.966365967,3.555513128545636
1779,-3.5855278320000004,-2.957420898,1.0343189268707738
1780,-3.5869108890000003,-2.948405273,2.058038735013461
1781,-3.588505859,-2.939182129,0.8577291064965251
1782,-3.5901940920000004,-2.929868164,1.7202611660908869
1783,-3.591698975,-2.920729248,2.6077096594682048
1784,-3.593449951,-2.911501709,0.16060708111595134
1785,-3.595222656,-2.902081299,2.7027978941727744
1786,-3.597267822,-2.892583252,3.888260390215191
1787,-3.598915039,-2.883254883,3.1126955594723476
1788,-3.600895996,-2.873712646,2.4829169317654665
1789,-3.6026206050000003,-2.864271484,0.5264037141980563
1790,-3.604410156,-2.854748535,0.5109614220379045
1791,-3.606313477,-2.844894043,1.0502361716907658
1792,-3.608092529,-2.835134766,1.0884277189844132
1793,-3.609998291,-2.825287598,2.9459813791572094
1794,-3.611587402,-2.815556396,2.1230765233997055
1795,-3.613392578,-2.805795654,1.112220479999101
1796,-3.615122314,-2.795822266,1.1231010562621568
1797,-3.616700195,-2.786075684,0.6719705283835807
1798,-3.61814917,-2.776741699,1.4595081076488636
1799,-3.619802246,-2.767001221,2.0946701918707804
1800,-3.621263916,-2.757152344,2.6127624457652754
1801,-3.622976562,-2.747369873,5.437306154998632
1802,-3.624157227,-2.737524658,3.453134102331198
1803,-3.625704834,-2.727548584,3.3592946092700404
1804,-3.62687085,-2.71793335,0.67502057344598
1805,-3.628138184,-2.708032959,1.66960956569617
1806,-3.629598389,-2.697972412,10.913805925959188
1807,-3.629943115,-2.6882077640000004,7.83882874981473
1808,-3.631025879,-2.678552979,0.7000378863687293
1809,-3.632221436,-2.66852124,1.6232395935006663
1810,-3.633248047,-2.658516602,0.23528673622225316
1811,-3.634287598,-2.648615479,1.3595308101640537
1812,-3.635476318,-2.63860791,0.7351355320604963
1813,-3.636590576,-2.628594482,0.024885539675931732
1814,-3.637720215,-2.618419434,0.8285177976801545
1815,-3.638736572,-2.608509277,1.4282094540599475
1816,-3.639916748,-2.598430176,0.8165963509272295
1817,-3.64121167,-2.588120361,1.032924922875673
1818,-3.642367188,-2.578059326,0.4072616382074737
1819,-3.643580811,-2.5678659670000004,2.0050964622490755
1820,-3.64457251,-2.557784668,2.0955998396300495
1821,-3.645802979,-2.547535645,0.2583472982127184
1822,-3.647083252,-2.537108887,0.03439949318871568
1823,-3.648340332,-2.526840576,0.2945925420868158
1824,-3.649630371,-2.516562988,0.2879396769943942
1825,-3.650943848,-2.506344727,0.5378848036995075
1826,-3.65230127,-2.496226318,1.7827137595976474
1827,-3.653474365,-2.486084473,1.0260668714086563
1828,-3.654754395,-2.4759497070000003,0.36751347983760113
1829,-3.655979248,-2.465952148,0.6590728009523588
1830,-3.657147217,-2.455862061,0.2523962063815643
1831,-3.658284668,-2.445810547,0.7481908673002626
1832,-3.6595,-2.435753174,1.9469382453855872
1833,-3.660517334,-2.425667236,0.6125371604554748
1834,-3.661599609,-2.41556665,0.6259607951388032
1835,-3.662605957,-2.4055791020000004,1.880990305560754
1836,-3.663844238,-2.395276855,1.5951575792491928
1837,-3.664888428,-2.385201172,0.7375024959744575
1838,-3.666020752,-2.375021484,1.6205791622057384
1839,-3.666974609,-2.364932861,1.7643807586575095
1840,-3.668150635,-2.354519043,0.4386259039934378
1841,-3.669227051,-2.344587646,0.6175290766010058
1842,-3.670406494,-2.334308594,0.6419407025317612
1843,-3.671536865,-2.323838135,1.8322914334711349
1844,-3.672415771,-2.313968262,0.8731715776282045
1845,-3.673445801,-2.303464355,0.04058081407414519
1846,-3.674461914,-2.293147461,0.7435770281375218
1847,-3.675374023,-2.283104248,0.407724516048043
1848,-3.676272217,-2.272733398,0.27923785018930203
1849,-3.677155762,-2.262171387,0.3337491070456102
1850,-3.677965088,-2.252076416,0.8454527325032251
1851,-3.678707031,-2.241690674,0.4959728569909577
1852,-3.679526611,-2.231006104,0.5369813632160012
1853,-3.680383789,-2.220606201,2.0326785485661016
1854,-3.681003662,-2.210515869,0.7633043857826418
1855,-3.68171582,-2.200233154,0.9643590427275728
1856,-3.682336426,-2.189746582,0.8107952975780998
1857,-3.682859619,-2.179428955,3.869115836925333
1858,-3.683773193,-2.169334961,4.559381186598328
1859,-3.684222656,-2.1590546880000003,0.6286606618833052
1860,-3.684604004,-2.148818848,0.15128519768669807
1861,-3.685,-2.138614258,0.0549298090502864
1862,-3.685401855,-2.128406494,0.4393744392865711
1863,-3.685854004,-2.118103516,1.0157315933805562
1864,-3.686197021,-2.107838379,0.31384305858896244
1865,-3.68657373,-2.097558594,0.42332006015153034
1866,-3.686998291,-2.087208984,0.06857569866360812
1867,-3.687429199,-2.0768835450000003,0.7373490213075431
1868,-3.687781006,-2.066568604,0.33079265655905277
1869,-3.688170654,-2.056187988,0.5575024159512886
1870,-3.68849707,-2.045912964,0.14794059599986686
1871,-3.688837646,-2.035681519,0.6814236924431877
1872,-3.689105957,-2.025486694,0.01684306498490776
1873,-3.689372559,-2.015422119,0.8111585923320022
1874,-3.689554688,-2.005514404,0.23809422550711293
1875,-3.689713623,-1.995593994,0.3576505615730104
1876,-3.689835693,-1.985828003,1.0389233521168693
1877,-3.689858887,-1.976144775,0.8510424564960231
1878,-3.689958496,-1.966692749,1.5463803784301027
1879,-3.689917969,-1.95706958,1.629210534152786
1880,-3.689730713,-1.947598022,1.0676953650079641
1881,-3.689639404,-1.938154663,0.10065653260042291
1882,-3.689538818,-1.928684326,0.7769443758832412
1883,-3.689507812,-1.919654053,0.6398500718517062
1884,-3.689531738,-1.910113403,1.1159708117336689
1885,-3.689455811,-1.900702026,1.8142948223141093
1886,-3.689545898,-1.890993042,1.0922082206512065
1887,-3.689534668,-1.881537476,3.3903957013963457
1888,-3.689224121,-1.872163696,7.210278325980617
1889,-3.689564941,-1.862543457,1.976930554744166
1890,-3.689725342,-1.852498047,4.379398879400616
1891,-3.690287598,-1.842961182,4.111918023069372
1892,-3.690474854,-1.833381592,0.8649442956383885
1893,-3.690755615,-1.82336499,4.58010374150009
1894,-3.69144873,-1.813860596,3.9039966807839686
1895,-3.691791016,-1.804145142,1.1487215565536901
1896,-3.692026367,-1.794340698,0.6934257997020619
1897,-3.692325684,-1.784617188,3.08847375826462
1898,-3.692326172,-1.7744494629999998,6.485183338610986
1899,-3.692925293,-1.765041504,6.077694869138134
1900,-3.692960938,-1.754675293,23.710423873424237
1901,-3.695740967,-1.744087891,36.483969913153295
1902,-3.694563477,-1.734473999,16.40534107861846
1903,-3.694945068,-1.724614624,3.586749453596414
1904,-3.694976807,-1.714696289,3.2743993986631676
1905,-3.695321533,-1.704959717,1.8073086843069526
1906,-3.695494873,-1.695207153,1.999582767327237
1907,-3.695476318,-1.685310669,0.02882774579552121
1908,-3.695460693,-1.675487793,3.479187887418372
1909,-3.695099609,-1.665486816,4.258957796744855
1910,-3.695158203,-1.65572876,3.8170114746734076
1911,-3.694844238,-1.645793823,0.09781929046359729
1912,-3.694521729,-1.6358929439999998,1.7029437232540858
1913,-3.69403125,-1.625981689,0.6362349945881826
1914,-3.693481934,-1.616136963,0.5545279923319556
1915,-3.692880371,-1.6063199460000002,0.7603653498120084
1916,-3.692214355,-1.596631104,4.195330659453594
1917,-3.691136475,-1.586841797,7.013500973665062
1918,-3.690739746,-1.5773829350000002,6.979629831289727
1919,-3.689669922,-1.567626831,2.3680611545053543
1920,-3.688839355,-1.558012329,3.938981701095427
1921,-3.688379883,-1.548545776,7.376856773919494
1922,-3.687199707,-1.538747681,2.7610826253350735
1923,-3.686300293,-1.529089355,0.38027866662855997
1924,-3.685359863,-1.519379761,0.9711687156195092
1925,-3.684321045,-1.509621582,0.0004585636651483409
1926,-3.683274658,-1.499792725,0.9984059513764382
1927,-3.682121826,-1.4898964840000002,0.060005366136500676
1928,-3.680958984,-1.479966064,1.1429514950082826
1929,-3.679678467,-1.470017822,0.6435016145093566
1930,-3.678331543,-1.460062012,0.4094664054742514
1931,-3.676949463,-1.45015271,1.6644314644158507
1932,-3.675395996,-1.440228027,0.4786669649343183
1933,-3.673787598,-1.430266846,1.2189614820276242
1934,-3.672063232,-1.420361816,1.2063436316680853
1935,-3.67020166,-1.410389282,1.9110826962499596
1936,-3.668157959,-1.400504761,0.11744086765699113
1937,-3.666083496,-1.390531372,2.55070719300325
1938,-3.663770508,-1.38069519,0.6876224579406364
1939,-3.66133667,-1.370661865,1.4481910813559054
1940,-3.658828125,-1.360947876,0.6900024031117759
1941,-3.656178711,-1.350978027,0.7115863097669685
1942,-3.653482422,-1.341122437,0.2698649339531892
1943,-3.650789062,-1.331382568,1.234412489281795
1944,-3.647891602,-1.321398193,1.6003336706698232
1945,-3.644866699,-1.311583984,0.43108884338784015
1946,-3.641736572,-1.301587402,0.42629946951541553
1947,-3.638583496,-1.291672485,0.8740099676175749
1948,-3.635351807,-1.281820923,0.7240871535869978
1949,-3.632020264,-1.271917603,0.7341965849193046
1950,-3.628652588,-1.262153931,0.9858400385899514
1951,-3.625122314,-1.252250122,1.2767785479394618
1952,-3.621405518,-1.242252563,0.14152397884840473
1953,-3.617701416,-1.2323348390000002,0.39684251258305464
1954,-3.613998047,-1.222544067,3.008928582782129
1955,-3.609805664,-1.212454346,0.2698342256093056
1956,-3.605794434,-1.2027211910000002,0.9752169947289006
1957,-3.601699219,-1.193066284,0.7403338267478695
1958,-3.597524414,-1.183432617,0.7455225847471604
1959,-3.593271484,-1.173825562,1.618973286390426
1960,-3.5887973630000003,-1.164168945,0.52302743699903
1961,-3.584253418,-1.154503296,2.434105031026129
1962,-3.580195068,-1.145271606,3.0882278765152247
1963,-3.575620361,-1.1357067870000002,0.04515760354521614
1964,-3.571121094,-1.1263111570000002,0.5527148062157843
1965,-3.566693604,-1.1169273679999998,1.2904569433825008
1966,-3.562,-1.1073201899999998,0.2004170584200986
1967,-3.557371338,-1.097896729,0.6141535170114903
1968,-3.552701416,-1.08854187,0.33743559919104743
1969,-3.548018311,-1.079242676,1.0769651584575994
1970,-3.543228027,-1.069990479,5.542574546349702
1971,-3.537754395,-1.060782227,2.246593291008117
1972,-3.532542725,-1.0515158690000002,0.20278473475205774
1973,-3.527501221,-1.042507324,3.9698429073246104
1974,-3.522008301,-1.033578491,0.3323513999845329
1975,-3.516741699,-1.024951538,0.662418204268705
1976,-3.511325684,-1.016213074,2.8452618628214967
1977,-3.505574219,-1.007516357,0.6063175344243522
1978,-3.499793701,-0.998894409,1.101491095243701
1979,-3.493869629,-0.990273926,1.962020570725828
1980,-3.487616455,-0.981567749,0.496029488097121
1981,-3.481612061,-0.97311499,0.3599073276572248
1982,-3.4755522460000003,-0.96451593,1.0204444577972278
1983,-3.469383789,-0.955959534,0.8817087683079111
1984,-3.463123291,-0.947443726,3.3147909914090032
1985,-3.456532471,-0.939108704,4.966964330295548
1986,-3.450571045,-0.930706665,1.6343443512407865
1987,-3.444419678,-0.922340271,0.15233666189312725
1988,-3.438252441,-0.913980042,0.718118214369664
1989,-3.432034912,-0.905681824,2.363393158593744
1990,-3.4256362300000003,-0.8975635989999999,4.95563194277819
1991,-3.419695068,-0.889178162,8.494378028622204
1992,-3.412461914,-0.880717957,7.2932692124919205
1993,-3.406466309,-0.872488403,0.7831586156339856
1994,-3.400323486,-0.864197449,4.600524548617101
1995,-3.392308594,-0.854493286,3.17913270480191
1996,-3.3859108890000003,-0.846140381,0.18393686537944526
1997,-3.379490723,-0.8377916870000001,13.99788880171738
1998,-3.375358887,-0.830640747,13.838210162094065
1999,-3.368986816,-0.822322388,0.29463500457065517
2000,-3.362551025,-0.813866516,0.9963396710162836
2001,-3.355696289,-0.805060181,0.01044705990316401
2002,-3.348953857,-0.796396057,2.4246613493678684
2003,-3.34199585,-0.787929443,5.3484842534946
2004,-3.3359243160000003,-0.77962085,6.09866559881943
2005,-3.32871875,-0.771008606,6.073832014037076
2006,-3.322424561,-0.7623786619999999,0.9838900430676414
2007,-3.316366943,-0.7538892819999999,0.10772704065434728
2008,-3.310311768,-0.745383118,2.772427209683646
2009,-3.303834717,-0.736827332,0.5009136589668186
2010,-3.297503418,-0.728370728,1.6640756238745993
2011,-3.290968506,-0.719955994,1.9061997468398153
2012,-3.284724609,-0.711573181,1.7703480404461363
2013,-3.278229492,-0.703184204,1.5207628630607999
2014,-3.271569336,-0.6948635860000001,0.3686468501374875
2015,-3.264901123,-0.686465271,0.6252604938596545
2016,-3.258493408,-0.6782847289999999,1.8404538722009265
2017,-3.251744141,-0.670004089,0.6175673999060597
2018,-3.245055176,-0.6619061890000001,0.2678422874710713
2019,-3.2384841310000003,-0.65390564,1.5397863341490243
2020,-3.231766602,-0.6459879150000001,0.6560866671200776
2021,-3.225108887,-0.6380314939999999,2.154939434333714
2022,-3.218164307,-0.630102356,2.3016773566513686
2023,-3.210940918,-0.6222501220000001,8.119403053985673
2024,-3.204743408,-0.614253113,8.043166594770453
2025,-3.1974860840000003,-0.606355042,1.8940095325670414
2026,-3.190484863,-0.598420105,0.8426665016635807
2027,-3.183756104,-0.5906575319999999,0.22823056357239221
2028,-3.176828369,-0.582703674,1.1700099694488295
2029,-3.170147949,-0.574842041,0.7151483666135166
2030,-3.163330566,-0.566938843,2.45190316678087
2031,-3.156855225,-0.559036133,0.44470134212196233
2032,-3.149994141,-0.5507418820000001,3.912548674747991
2033,-3.143408203,-0.543404236,10.379901291427197
2034,-3.137216797,-0.534829041,11.338564021404299
2035,-3.130242676,-0.527248779,4.222925419828535
2036,-3.123592529,-0.519357178,0.04853730805703682
2037,-3.1170786130000003,-0.51163501,1.7131603419567276
2038,-3.110397461,-0.503987854,4.880270959324244
2039,-3.104122803,-0.496044983,9.625461732939947
2040,-3.097010254,-0.4886612549999999,5.956119804916536
2041,-3.090347168,-0.480839111,2.094283652366425
2042,-3.083628174,-0.473284149,3.5627484154448736
2043,-3.076616699,-0.465951111,4.487818763128678
2044,-3.06999585,-0.458365967,0.7391983560888058
2045,-3.063400879,-0.4509223329999999,4.611933827745238
2046,-3.056280029,-0.443600861,1.864288486572315
2047,-3.049423584,-0.436279785,0.9823052597539526
2048,-3.042517822,-0.429049927,0.857528580738176
2049,-3.035510254,-0.421838654,0.24172035864458152
2050,-3.028572021,-0.414733154,1.333939512603064
2051,-3.021476318,-0.407657257,0.592292863461969
2052,-3.014264404,-0.4005507809999999,0.03677731703857877
2053,-3.007220459,-0.393604706,0.8221330304188913
2054,-3.000046143,-0.386644836,1.6696149122420054
2055,-2.992690918,-0.379744995,0.420309479330107
2056,-2.985548096,-0.372987976,2.1130187339358333
2057,-2.977999756,-0.3661440119999999,1.0622824442328158
2058,-2.970806396,-0.359481354,2.1889376732676764
2059,-2.963262451,-0.35279306,1.6440556538699977
2060,-2.955855225,-0.346003784,3.9083313732764973
2061,-2.948462646,-0.339735046,4.013338637084229
2062,-2.941091553,-0.332965912,1.5790961930191207
2063,-2.9337541500000004,-0.326436493,2.4351310300928084
2064,-2.926292725,-0.320109283,1.3253346605533693
2065,-2.918716309,-0.313511475,1.1752749214367177
2066,-2.911496094,-0.307368103,2.209781255337324
2067,-2.903737549,-0.3004674989999999,2.2151147776258564
2068,-2.896352051,-0.2941871949999999,0.966203956601669
2069,-2.888857422,-0.287934509,0.7518192849349274
2070,-2.881248291,-0.281680847,2.247316261408409
2071,-2.8738046880000003,-0.275282501,0.02394325231342131
2072,-2.866184326,-0.268729065,9.575230580114688
2073,-2.8580498050000003,-0.262989685,13.390789529830236
2074,-2.850534912,-0.255989258,4.899137595399117
2075,-2.84295874,-0.249601044,0.3508280478936441
2076,-2.835456787,-0.243319626,0.7891036566696571
2077,-2.827567383,-0.236606415,6.490058663786102
2078,-2.820035645,-0.2309880829999999,6.0850305395105275
2079,-2.812174316,-0.22435585,3.121524264629989
2080,-2.804479736,-0.218266937,0.5296750886480471
2081,-2.796960205,-0.2123789979999999,2.0536408203600125
2082,-2.7891521,-0.206511154,2.971909529584532
2083,-2.781721191,-0.2005863799999999,0.18780902764456928
2084,-2.774006104,-0.194457932,0.6188016689653267
2085,-2.766894043,-0.188875992,3.39925282959344
2086,-2.7593754880000003,-0.182575546,7.421460604348309
2087,-2.7516687010000003,-0.177006088,2.315545493307513
2088,-2.744340576,-0.1714649349999999,0.27722997856370635
2089,-2.737009521,-0.165950836,0.7859478506006219
2090,-2.729540283,-0.160246979,2.9629145355252544
2091,-2.722106201,-0.154232025,5.844437218457443
2092,-2.714649414,-0.148847092,4.09156144496835
2093,-2.707072021,-0.142918243,0.31855144604880536
2094,-2.699435547,-0.1369809109999999,3.3273559337049914
2095,-2.6917604980000003,-0.131396866,2.322065856538064
2096,-2.684063965,-0.125530869,0.7625055885275777
2097,-2.67624585,-0.1194794919999999,1.6190794407904239
2098,-2.6684375,-0.113631821,2.3856906499369974
2099,-2.660428223,-0.107920868,1.9440466638256757
2100,-2.652461426,-0.102006157,0.3220567277298097
2101,-2.64435083,-0.096025108,0.4481291041123337
2102,-2.636394531,-0.090212517,0.5801575417159761
2103,-2.628138428,-0.084254181,0.2319950298083644
2104,-2.619927734,-0.078357956,0.4668712739598639
2105,-2.611723389,-0.072407326,0.7775449661696224
2106,-2.603530762,-0.06656282,1.842812902623136
2107,-2.594957764,-0.060687588,5.138458530450642
2108,-2.587020996,-0.054613983,5.92981294576834
2109,-2.578449219,-0.048838581,3.0198502574987782
2110,-2.569929199,-0.0426997069999999,0.8035464861223052
2111,-2.5618166500000004,-0.0367520069999999,1.5801824533251367
2112,-2.5534360350000003,-0.030812368,0.5560776956369756
2113,-2.545225342,-0.024922993,0.6436711610046041
2114,-2.537057373,-0.019143957,0.22654912379122916
2115,-2.528819824,-0.013343763,0.12540740958808788
2116,-2.520524414,-0.007487075,0.5511815090509823
2117,-2.512359863,-0.001790316,5.355997459605789
2118,-2.503638672,0.00361761,2.483950257482381
2119,-2.495063232,0.0092426359999999,0.24745509378041386
2120,-2.48643335,0.014934876,1.3357384747494339
2121,-2.477855469,0.020425591,1.1348171926135044
2122,-2.469143799,0.025860466,0.4126390581227384
2123,-2.460370361,0.031282257,0.21019000130765475
2124,-2.451791016,0.03660957,1.6010506657079766
2125,-2.442787598,0.041996643,0.32907093216508954
2126,-2.433843018,0.047390442,0.3639855686694877
2127,-2.4251059570000004,0.052704025,2.3053722336870424
2128,-2.415929443,0.057987537,0.551534299458705
2129,-2.4069646,0.0632184299999999,0.6020251016431025
2130,-2.397975586,0.068539238,0.7525580438259124
2131,-2.388946289,0.07378849,0.42225098810345296
2132,-2.379909912,0.079095406,0.05215061019910789
2133,-2.371116211,0.084266182,0.44901434706935195
2134,-2.361862793,0.089648987,1.1534723741284643
2135,-2.352856445,0.095036514,0.1727790526419731
2136,-2.343753906,0.10050415,0.719141030911915
2137,-2.334362061,0.106245415,0.5619999566845758
2138,-2.324738281,0.1122117389999999,0.7571342690097674
2139,-2.31494873,0.118398979,0.35614027814593385
2140,-2.305060547,0.124706146,0.3161742629687193
2141,-2.295123047,0.1309929809999999,1.0915968776844314
2142,-2.285312744,0.137026215,0.5665969176550019
2143,-2.275642578,0.143060135,0.7653867527269661
2144,-2.266050293,0.148930588,0.9297371745487883
2145,-2.256544434,0.154613419,1.0807977887262867
2146,-2.247022949,0.16015239,2.4894097568109808
2147,-2.237520264,0.166037598,4.3469297801461835
2148,-2.227990967,0.171324448,1.4958081299321784
2149,-2.218466309,0.176408401,0.9805254118942752
2150,-2.208876221,0.181397476,1.5067295840440145
2151,-2.199250244,0.186208099,0.9764976497340236
2152,-2.18959082,0.190909348,0.7251654330919017
2153,-2.179895752,0.195722076,3.945922640039656
2154,-2.170281494,0.2,41.07700615477683
2155,-2.160570068,0.2,0.0
2156,-2.1509909670000003,0.2,0.0
2157,-2.141300293,0.2,0.0
2158,-2.13165625,0.2,0.0
2159,-2.121940186,0.2,0.0
2160,-2.112231934,0.2,0.0
2161,-2.102579102,0.2,0.0
2162,-2.093005615,0.2,0.0
2163,-2.083303223,0.2,0.0
2164,-2.073575195,0.2,0.0
2165,-2.063963379,0.2,0.0
2166,-2.053289795,0.2,0.0
2167,-2.043679932,0.2,0.0
2168,-2.034037598,0.2,0.0
2169,-2.024468628,0.2,0.0
2170,-2.014751221,0.2,0.0
2171,-2.004869507,0.2,0.0
2172,-1.995375732,0.2,0.0
2173,-1.985595459,0.2,0.0
2174,-1.975638062,0.2,0.0
2175,-1.965847412,0.2,0.0
2176,-1.955918701,0.2,0.0
2177,-1.946136719,0.2,0.0
2178,-1.936490967,0.2,0.0
2179,-1.926497559,0.2,0.0
2180,-1.916523071,0.2,0.0
2181,-1.906727661,0.2,0.0
2182,-1.896648926,0.2,0.0
2183,-1.886745117,0.2,0.0
2184,-1.877027222,0.2,0.0
2185,-1.867134033,0.2,0.0
2186,-1.857341064,0.2,0.0
2187,-1.847765625,0.2,0.0
2188,-1.838013184,0.2,0.0
2189,-1.828600098,0.2,0.0
2190,-1.819081787,0.2,0.0
2191,-1.809471191,0.2,0.0
2192,-1.799940796,0.2,0.0
2193,-1.790409668,0.2,0.0
2194,-1.781015381,0.2,0.0
2195,-1.771743896,0.2,0.0
2196,-1.762335205,0.2,0.0
2197,-1.753303467,0.2,0.0
2198,-1.743689697,0.2,0.0
2199,-1.734887207,0.2,0.0
2200,-1.725630981,0.2,0.0
2201,-1.716164673,0.2,0.0
2202,-1.706964355,0.2,0.0
2203,-1.697893677,0.2,0.0
2204,-1.688663208,0.2,0.0
2205,-1.679039307,0.2,0.0
2206,-1.669723022,0.2,0.0
2207,-1.660346802,0.2,0.0
2208,-1.650953613,0.2,0.0
2209,-1.641271606,0.2,0.0
2210,-1.631627563,0.2,0.0
2211,-1.621727051,0.2,0.0
2212,-1.611904907,0.2,0.0
2213,-1.602205078,0.2,0.0
2214,-1.5924453120000002,0.2,0.0
2215,-1.5826195070000002,0.2,0.0
2216,-1.572745361,0.2,0.0
2217,-1.562823364,0.2,0.0
2218,-1.552864136,0.2,0.0
2219,-1.54296814,0.2,0.0
2220,-1.532914185,0.2,0.0
2221,-1.522626709,0.2,0.0
2222,-1.512712524,0.2,0.0
2223,-1.502567505,0.2,0.0
2224,-1.492500244,0.2,0.0
2225,-1.482264404,0.2,0.0
2226,-1.472002075,0.2,0.0
2227,-1.4616011960000002,0.2,0.0
2228,-1.451264893,0.2,0.0
2229,-1.441001221,0.2,0.0
2230,-1.4306273189999998,0.2,0.0
2231,-1.420109985,0.2,0.0
2232,-1.409690674,0.2,0.0
2233,-1.399333984,0.2,0.0
2234,-1.3890402830000002,0.2,0.0
2235,-1.378729614,0.2,0.0
2236,-1.368462646,0.2,0.0
2237,-1.358198486,0.2,0.0
2238,-1.348217285,0.2,0.0
2239,-1.338205078,0.2,0.0
2240,-1.328148926,0.2,0.0
2241,-1.3183482670000002,0.2,0.0
2242,-1.308498169,0.2,0.0
2243,-1.2985211179999998,0.2,0.0
2244,-1.288520508,0.2,0.0
2245,-1.2787771,0.2,0.0
2246,-1.268796265,0.2,0.0
2247,-1.258970703,0.2,0.0
2248,-1.249281494,0.2,0.0
2249,-1.23955249,0.2,0.0
2250,-1.229733643,0.2,0.0
2251,-1.220253052,0.2,0.0
2252,-1.210822876,0.2,0.0
2253,-1.201219238,0.2,0.0
2254,-1.191940308,0.2,0.0
2255,-1.182293701,0.2,0.0
2256,-1.173009888,0.2,0.0
2257,-1.163709106,0.2,0.0
2258,-1.154335083,0.2,0.0
2259,-1.14488147,0.2,0.0
2260,-1.135414551,0.2,0.0
2261,-1.125944702,0.2,0.0
2262,-1.11651123,0.2,0.0
2263,-1.1069895019999998,0.2,0.0
2264,-1.097573853,0.2,0.0
2265,-1.08766394,0.2,0.0
2266,-1.078220581,0.2,0.0
2267,-1.068714233,0.2,0.0
2268,-1.0594361570000002,0.2,0.0
2269,-1.049973511,0.2,0.0
2270,-1.04052002,0.2,0.0
2271,-1.030962646,0.2,0.0
2272,-1.021603333,0.2,0.0
2273,-1.012372864,0.2,0.0
2274,-1.002989624,0.2,0.0
2275,-0.993783569,0.2,0.0
2276,-0.984609741,0.2,0.0
2277,-0.975434204,0.2,0.0
2278,-0.966567078,0.2,0.0
2279,-0.957412231,0.2,0.0
2280,-0.948233704,0.2,0.0
2281,-0.939037598,0.2,0.0
2282,-0.929791138,0.2,0.0
2283,-0.920366577,0.2,0.0
2284,-0.911059875,0.2,0.0
2285,-0.90219519,0.2,0.0
2286,-0.892961243,0.2,0.0
2287,-0.8841386720000001,0.2,0.0
2288,-0.875068909,0.2,0.0
2289,-0.866332886,0.2,0.0
2290,-0.857552917,0.2,0.0
2291,-0.849360168,0.2,0.0
2292,-0.841077148,0.2,0.0
2293,-0.83317981,0.2,0.0
2294,-0.825492981,0.2,0.0
2295,-0.8180070190000001,0.2,0.0
2296,-0.8105734250000001,0.2,0.0
2297,-0.803250122,0.2,0.0
2298,-0.795939331,0.2,0.0
2299,-0.7886676029999999,0.2,0.0
2300,-0.7814852290000001,0.2,0.0
2301,-0.77415387,0.2,0.0
2302,-0.766956299,0.2,0.0
2303,-0.760002869,0.2,0.0
2304,-0.7530419309999999,0.2,0.0
2305,-0.746320068,0.2,0.0
2306,-0.7394135740000001,0.2,0.0
2307,-0.7327416379999999,0.2,0.0
2308,-0.7261654049999999,0.2,0.0
2309,-0.719617371,0.2,0.0
2310,-0.7129205930000001,0.2,0.0
2311,-0.7062243039999999,0.2,0.0
2312,-0.699449341,0.2,0.0
2313,-0.69293512,0.2,0.0
2314,-0.6861356200000001,0.2,0.0
2315,-0.679333252,0.2,0.0
2316,-0.672703735,0.2,0.0
2317,-0.66600415,0.2,0.0
2318,-0.6593350830000001,0.2,0.0
2319,-0.6527410889999999,0.2,0.0
2320,-0.6462147220000001,0.2,0.0
2321,-0.639761597,0.2,0.0
2322,-0.633334167,0.2,0.0
2323,-0.62702887,0.2,0.0
2324,-0.6207948,0.2,0.0
2325,-0.614603088,0.2,0.0
2326,-0.6084758299999999,0.2,0.0
2327,-0.602414612,0.2,0.0
2328,-0.5964108889999999,0.2,0.0
2329,-0.5904384770000001,0.2,0.0
2330,-0.584510437,0.2,0.0
2331,-0.578655273,0.2,0.0
2332,-0.5728445430000001,0.2,0.0
2333,-0.567048218,0.2,0.0
2334,-0.561297058,0.2,0.0
2335,-0.555610901,0.2,0.0
2336,-0.549941162,0.2,0.0
2337,-0.544310242,0.2,0.0
2338,-0.538766296,0.2,0.0
2339,-0.5332359010000001,0.2,0.0
2340,-0.5277170409999999,0.2,0.0
2341,-0.522279053,0.2,0.0
2342,-0.5168713380000001,0.2,0.0
2343,-0.511501953,0.2,0.0
2344,-0.506235077,0.2,0.0
2345,-0.500993622,0.2,0.0
2346,-0.49579657,0.2,0.0
2347,-0.49066391,0.2,0.0
2348,-0.485578339,0.2,0.0
2349,-0.4805093079999999,0.2,0.0
2350,-0.475449707,0.2,0.0
2351,-0.470384735,0.2,0.0
2352,-0.465377869,0.2,0.0
2353,-0.460387848,0.2,0.0
2354,-0.455419556,0.2,0.0
2355,-0.4505466609999999,0.2,0.0
2356,-0.445742157,0.2,0.0
2357,-0.441009247,0.2,0.0
2358,-0.436379547,0.2,0.0
2359,-0.431690613,0.2,0.0
2360,-0.4273796689999999,0.2,0.0
2361,-0.423022278,0.2,0.0
2362,-0.418744354,0.2,0.0
2363,-0.414548553,0.2,0.0
2364,-0.41043512,0.2,0.0
2365,-0.406401672,0.2,0.0
2366,-0.402476654,0.2,0.0
2367,-0.398560669,0.2,0.0
2368,-0.394740112,0.2,0.0
2369,-0.39096521,0.2,0.0
2370,-0.387242706,0.2,0.0
2371,-0.383537994,0.2,0.0
2372,-0.379863739,0.2,0.0
2373,-0.376214661,0.2,0.0
2374,-0.372599274,0.2,0.0
2375,-0.3690217589999999,0.2,0.0
2376,-0.3654486999999999,0.2,0.0
2377,-0.361855988,0.2,0.0
2378,-0.358285522,0.2,0.0
2379,-0.354720428,0.2,0.0
2380,-0.351162567,0.2,0.0
2381,-0.347616119,0.2,0.0
2382,-0.34408548,0.2,0.0
2383,-0.340609711,0.2,0.0
2384,-0.337097168,0.2,0.0
2385,-0.333792816,0.2,0.0
2386,-0.33033609,0.2,0.0
2387,-0.3269022519999999,0.2,0.0
2388,-0.323492218,0.2,0.0
2389,-0.320243378,0.2,0.0
2390,-0.31699823,0.2,0.0
2391,-0.313515625,0.2,0.0
2392,-0.309077789,0.2,0.0
2393,-0.30739917,0.2,0.0
2394,-0.304607819,0.2,0.0
2395,-0.301540924,0.2,0.0
2396,-0.2987167049999999,0.2,0.0
2397,-0.295729797,0.2,0.0
2398,-0.292923767,0.2,0.0
2399,-0.290161346,0.2,0.0
2400,-0.287480042,0.2,0.0
2401,-0.284846344,0.2,0.0
2402,-0.28246048,0.2,0.0
2403,-0.280056335,0.2,0.0
2404,-0.277348724,0.2,0.0
2405,-0.275097534,0.2,0.0
2406,-0.2727886659999999,0.2,0.0
2407,-0.270765869,0.2,0.0
2408,-0.268445496,0.2,0.0
2409,-0.266402557,0.2,0.0
2410,-0.264315063,0.2,0.0
2411,-0.262405365,0.2,0.0
2412,-0.260487427,0.2,0.0
2413,-0.259047485,0.2,0.0
2414,-0.257627808,0.2,0.0
2415,-0.256213776,0.2,0.0
2416,-0.254560287,0.2,0.0
2417,-0.25315654,0.2,0.0
2418,-0.251987106,0.2,0.0
2419,-0.250509415,0.2,0.0
2420,-0.249238678,0.2,0.0
2421,-0.248222061,0.2,0.0
2422,-0.246801971,0.2,0.0
2423,-0.245990875,0.2,0.0
2424,-0.244755203,0.2,0.0
2425,-0.240579224,0.2,0.0
2426,-0.242325317,0.2,0.0
2427,-0.242011108,0.2,0.0
2428,-0.240928452,0.2,0.0
2429,-0.240233078,0.2,0.0
2430,-0.239410126,0.2,0.0
2431,-0.238475098,0.2,0.0
2432,-0.237969025,0.2,0.0
2433,-0.237124527,0.2,0.0
2434,-0.236597214,0.2,0.0
2435,-0.23622818,0.2,0.0
2436,-0.2356147609999999,0.2,0.0
2437,-0.235194153,0.2,0.0
2438,-0.234534164,0.2,0.0
2439,-0.234239716,0.2,0.0
2440,-0.2337901919999999,0.2,0.0
2441,-0.23314769,0.2,0.0
2442,-0.232782776,0.2,0.0
2443,-0.232293839,0.2,0.0
2444,-0.231770676,0.2,0.0
2445,-0.231267807,0.2,0.0
2446,-0.230527481,0.2,0.0
2447,-0.230083298,0.2,0.0
2448,-0.2294254909999999,0.2,0.0
2449,-0.228645157,0.2,0.0
2450,-0.227792694,0.2,0.0
2451,-0.227204147,0.2,0.0
2452,-0.22692598,0.2,0.0
2453,-0.226409912,0.2,0.0
2454,-0.225973038,0.2,0.0
2455,-0.2255508879999999,0.2,0.0
2456,-0.2251526949999999,0.2,0.0
2457,-0.224782547,0.2,0.0
2458,-0.224434219,0.2,0.0
2459,-0.224115463,0.2,0.0
2460,-0.223786835,0.2,0.0
2461,-0.2234622339999999,0.2,0.0
2462,-0.223139755,0.2,0.0
2463,-0.222805008,0.2,0.0
2464,-0.22248848,0.2,0.0
2465,-0.222147064,0.2,0.0
2466,-0.221820648,0.2,0.0
2467,-0.221573517,0.2,0.0
2468,-0.22140303,0.2,0.0
2469,-0.2213029789999999,0.2,0.0
2470,-0.221297806,0.2,0.0
2471,-0.2212798,0.2,0.0
2472,-0.221208038,0.2,0.0
2473,-0.221040131,0.2,0.0
2474,-0.2207750399999999,0.2,0.0
2475,-0.220449478,0.2,0.0
2476,-0.220106598,0.2,0.0
2477,-0.219749756,0.2,0.0
2478,-0.219438873,0.2,0.0
2479,-0.219134918,0.2,0.0
2480,-0.218806488,0.2,0.0
2481,-0.218476288,0.2,0.0
2482,-0.218120087,0.2,0.0
2483,-0.217760269,0.2,0.0
2484,-0.217407471,0.2,0.0
2485,-0.21707486,0.2,0.0
2486,-0.216753357,0.2,0.0
2487,-0.216452667,0.2,0.0
2488,-0.216160919,0.2,0.0
2489,-0.215925812,0.2,0.0
2490,-0.2157246089999999,0.2,0.0
2491,-0.215580124,0.2,0.0
2492,-0.215490967,0.2,0.0
2493,-0.2155414729999999,0.2,0.0
2494,-0.215618454,0.2,0.0
2495,-0.215566879,0.2,0.0
2496,-0.215614639,0.2,0.0
2497,-0.215698593,0.2,0.0
2498,-0.21584465,0.2,0.0
2499,-0.21595874,0.2,0.0
2500,-0.216132523,0.2,0.0
2501,-0.216239853,0.2,0.0
2502,-0.2164581149999999,0.2,0.0
2503,-0.216699585,0.2,0.0
2504,-0.21698056,0.2,0.0
2505,-0.217284485,0.2,0.0
2506,-0.217480728,0.2,0.0
2507,-0.21781636,0.2,0.0
2508,-0.218151428,0.2,0.0
2509,-0.218521744,0.2,0.0
2510,-0.218856934,0.2,0.0
2511,-0.2191776279999999,0.2,0.0
2512,-0.219502396,0.2,0.0
2513,-0.219811752,0.2,0.0
2514,-0.220058548,0.2,0.0
2515,-0.220437271,0.2,0.0
2516,-0.220803131,0.2,0.0
2517,-0.221235718,0.2,0.0
2518,-0.221335403,0.2,0.0
2519,-0.221467407,0.2,0.0
2520,-0.221798019,0.2,0.0
2521,-0.222041138,0.2,0.0
2522,-0.222398193,0.2,0.0
2523,-0.2225959009999999,0.2,0.0
2524,-0.222829193,0.2,0.0
2525,-0.222911301,0.2,0.0
2526,-0.223071609,0.2,0.0
2527,-0.223182251,0.2,0.0
2528,-0.223327805,0.2,0.0
2529,-0.2234017489999999,0.2,0.0
2530,-0.223432587,0.2,0.0
2531,-0.2233858339999999,0.2,0.0
2532,-0.223551483,0.2,0.0
2533,-0.223422729,0.2,0.0
2534,-0.223359879,0.2,0.0
2535,-0.223285751,0.2,0.0
2536,-0.223277466,0.2,0.0
2537,-0.2231978,0.2,0.0
2538,-0.223094864,0.2,0.0
2539,-0.223044128,0.2,0.0
2540,-0.222948273,0.2,0.0
2541,-0.22287793,0.2,0.0
2542,-0.2228101499999999,0.2,0.0
2543,-0.222739746,0.2,0.0
2544,-0.2226921539999999,0.2,0.0
2545,-0.2226413729999999,0.2,0.0
2546,-0.22260231,0.2,0.0
2547,-0.22257576,0.2,0.0
2548,-0.222549118,0.2,0.0
2549,-0.222543243,0.2,0.0
2550,-0.222540146,0.2,0.0
2551,-0.222540558,0.2,0.0
2552,-0.222554947,0.2,0.0
2553,-0.222578644,0.2,0.0
2554,-0.222618423,0.2,0.0
2555,-0.222661865,0.2,0.0
2556,-0.222705399,0.2,0.0
2557,-0.222778687,0.2,0.0
2558,-0.222837677,0.2,0.0
2559,-0.2229174649999999,0.2,0.0
2560,-0.2230003199999999,0.2,0.0
2561,-0.223082901,0.2,0.0
2562,-0.2231483149999999,0.2,0.0
2563,-0.223220978,0.2,0.0
2564,-0.223277939,0.2,0.0
2565,-0.223340454,0.2,0.0
2566,-0.223396072,0.2,0.0
2567,-0.2234532169999999,0.2,0.0
2568,-0.2235220339999999,0.2,0.0
2569,-0.2235758209999999,0.2,0.0
2570,-0.223623337,0.2,0.0
2571,-0.22364917,0.2,0.0
2572,-0.223670715,0.2,0.0
2573,-0.223676666,0.2,0.0
2574,-0.223683685,0.2,0.0
2575,-0.22366803,0.2,0.0
2576,-0.223660583,0.2,0.0
2577,-0.223647049,0.2,0.0
2578,-0.223633789,0.2,0.0
2579,-0.223618835,0.2,0.0
2580,-0.2236113589999999,0.2,0.0
2581,-0.2235800319999999,0.2,0.0
2582,-0.223551041,0.2,0.0
2583,-0.2234848479999999,0.2,0.0
2584,-0.223454483,0.2,0.0
2585,-0.223422485,0.2,0.0
2586,-0.2233890529999999,0.2,0.0
2587,-0.223376404,0.2,0.0
2588,-0.223355881,0.2,0.0
2589,-0.223334122,0.2,0.0
2590,-0.223318161,0.2,0.0
2591,-0.2233122099999999,0.2,0.0
2592,-0.223301514,0.2,0.0
2593,-0.223296799,0.2,0.0
2594,-0.2233004459999999,0.2,0.0
2595,-0.223311752,0.2,0.0
2596,-0.223324158,0.2,0.0
2597,-0.223351608,0.2,0.0
2598,-0.223379929,0.2,0.0
2599,-0.22340715,0.2,0.0
2600,-0.223425858,0.2,0.0
2601,-0.223449966,0.2,0.0
2602,-0.223470032,0.2,0.0
2603,-0.223482559,0.2,0.0
2604,-0.223504425,0.2,0.0
2605,-0.223513046,0.2,0.0
2606,-0.223520645,0.2,0.0
2607,-0.223537506,0.2,0.0
2608,-0.223531464,0.2,0.0
2609,-0.223545853,0.2,0.0
2610,-0.223549377,0.2,0.0
2611,-0.223547699,0.2,0.0
2612,-0.223557327,0.2,0.0
2613,-0.22354982,0.2,0.0
2614,-0.223546417,0.2,0.0
2615,-0.223533676,0.2,0.0
2616,-0.223530258,0.2,0.0
2617,-0.2235176539999999,0.2,0.0
2618,-0.2235188139999999,0.2,0.0
2619,-0.223499451,0.2,0.0
2620,-0.2234987179999999,0.2,0.0
2621,-0.223492584,0.2,0.0
2622,-0.223486984,0.2,0.0
2623,-0.223488968,0.2,0.0
2624,-0.2234877009999999,0.2,0.0
2625,-0.2234909209999999,0.2,0.0
2626,-0.22350267,0.2,0.0
2627,-0.223498367,0.2,0.0
2628,-0.223506836,0.2,0.0
2629,-0.223520081,0.2,0.0
2630,-0.2235213469999999,0.2,0.0
2631,-0.223534348,0.2,0.0
2632,-0.223543823,0.2,0.0
2633,-0.223552994,0.2,0.0
