N:6,future:0.5,qx:30.0,qy:30.0,q_yaw:60.0,q_vel:1.0,r_acc:0.01,r_steer:0.01,u_steer:0.5,u_acc:0.5


time,x_ref,x_pos,y_ref,y_pos,speed,acc,phi,x_err,y_err,x_dot_err,y_dot_err
0.0,0.385081953625844,0.0,3.879210016605665e-05,0.0,5.070352036202132,60.844224434425584,-1.6450376190955442e-07,0.385081953625844,3.879210016605665e-05,12.016398005373645,0.0005912076243752406
0.028999999999541615,0.7335554021854503,0.0,4.037815639897832e-05,0.0,5.256528177281541,63.078338127378494,-1.900305509769669e-07,0.7335554021854503,4.037815639897832e-05,12.016253565588729,-0.0004674925264816748
0.03699999999935244,0.8296852711135675,0.0,3.552616414614832e-05,0.0,5.307887129022592,63.694645548271104,-1.9697041020660065e-07,0.8296852711135675,3.552616414614832e-05,12.016213662882873,-0.0007444148801522354
0.03799999999955617,0.8417014822841412,0.0,3.476466315835499e-05,0.0,5.314307000751605,63.77168400901927,-1.978340850365985e-07,0.8417014822841412,3.476466315835499e-05,12.016208673303993,-0.0007785700536147254
0.05599999999958527,1.0579924296848728,0.0,1.5324932349916246e-05,0.0,5.429864788814152,65.15837746576983,-2.1321519024113437e-07,1.0579924296848728,1.5324932349916246e-05,12.016118794739569,-0.001375878587159019
0.11200000000008004,1.7308875742838763,0.0,-0.00010947296784683664,0.0,5.789378053162875,69.4725366379545,-2.595252187684389e-07,1.7308875742838763,-0.00010947296784683664,12.01585752065161,-0.003031863881286268
0.13099999999940337,1.9591880534548076,0.00018939122490102545,-0.0001718337377089056,-4.42764878774251e-05,5.911258275547913,70.93503019372419,-6.9190882287158195e-06,1.9589986622299067,-0.00012755724983148052,12.015765919935324,-0.0035274983464377426
0.17399999999997817,2.4758622681963085,0.00018984049509659928,-0.00034527562547103394,-4.427507577713891e-05,6.187315120423722,74.24769807718074,-1.038699306168271e-05,2.475672427701212,-0.00030100054969389506,12.015584197297526,-0.004509698180793467
0.19899999999961437,2.776250786418426,0.00018984049509659928,-0.00046424129770338614,-4.427507577713891e-05,6.3478130394506,76.17367310550328,-1.1545799371949106e-05,2.7760609459233296,-0.00041996622192624726,12.015483791196173,-0.005000610576968104
0.21000000000003638,2.9084209452334036,0.00018998613073833992,-0.0005203274280746462,-4.4274667365459556e-05,6.41843215005272,77.02110187985639,-1.2114467752959937e-05,2.9082309591026654,-0.0004760527607091866,12.015440573881573,-0.005196973732162898
0.2599999999993088,3.5091886729465713,0.0001904177881781044,-0.0007996269407948643,-4.427285658921524e-05,6.739429223531231,80.87308491956216,-1.1153330656635363e-05,3.508998255158393,-0.000755354084205649,12.01526087511768,-0.005935492735605017
0.2899999999999636,3.8696451490820243,0.00019056104801370988,-0.0009828113751878366,-4.427233627778647e-05,6.932028972554939,83.18427867271673,-1.2569526857912716e-05,3.8694545880340105,-0.0009385390389100502,12.015159999029631,-0.006265681805549352
0.30099999999947613,4.001811772196371,0.00019056104801370988,-0.0010522796492987675,-4.427233627778647e-05,7.002649047775377,84.03171957536199,-1.285768212002171e-05,4.001621211148358,-0.001008007313020981,12.015124093311146,-0.006365119159593747
0.3179999999993015,4.206068523730092,0.00019056104801370988,-0.001161596677177461,-4.427233627778647e-05,7.111789421114664,85.34140405543343,-1.3262217622733867e-05,4.205877962682079,-0.0011173243408996746,12.015071262189243,-0.006492862421628201
0.375,4.8909231005328175,0.00019070254287154031,-0.0015394059608157362,-4.427197099975378e-05,7.477733914235463,89.73273099559322,-1.5612936719851173e-05,4.890732397989946,-0.0014951339898159825,12.01490496316447,-0.0067148370308088715
0.39799999999922875,5.167265381131459,0.00019097937317527625,-0.0016939227020887446,-4.4271129050919016e-05,7.625396624179361,91.50468300277166,-1.5888094809618992e-05,5.167074401758284,-0.0016496515730378255,12.014846526580186,-0.006714636072901094
0.4069999999992433,5.275398955527432,0.00019097937317527625,-0.0017542890215874053,-4.4271129050919016e-05,7.683178077614293,92.19806044399084,-1.591332667303939e-05,5.275207976154257,-0.0017100178925364862,12.014824036734487,-0.006700373866222374
0.4429999999993015,5.707931273841577,0.025740420163138628,-0.001993403151995362,-4.572866041239012e-05,8.591151810785115,89.94946481571604,0.014852251287771085,5.6821908536784385,-0.0019476744915829717,10.919398200260204,-0.000629478875014273
0.488999999999578,6.260607390777546,0.09408454641868394,-0.0022879942701719115,-0.0002496114666380209,9.597149636629005,87.79804183354635,-0.00011685000112784586,6.1665228443588616,-0.0020383828035338905,9.734009238839967,-0.009721331378691436
0.5169999999998254,6.597016916149537,0.27002144991575483,-0.0024575057890479364,0.0007847496782238256,10.51270100937175,82.98910591941885,-0.018042627568298455,6.3269954662337815,-0.003242255467271762,8.418108168513132,-0.06283549375575222
0.543999999999869,6.921410502158305,0.27002144991575483,-0.002611482913009452,0.0007847496782238256,10.686050533083854,85.0693002039641,-0.018002873495983632,6.65138905224255,-0.0033962325912332775,8.418065841514021,-0.062455030884140825
0.543999999999869,6.921410502158305,0.6197050106312503,-0.002611482913009452,0.011626847665212672,11.520172511264661,75.64783939023843,-0.035331535477688004,6.301705491527055,-0.014238330578222123,6.80344828745994,-0.2355924265606078
0.5469999999995707,6.957454167779054,0.6197050106312503,-0.0026279338553755077,0.011626847665212672,11.539433519055255,75.87897148372555,-0.03532157290897844,6.337749157147804,-0.01425478152058818,6.803444337691072,-0.23554587901385193
0.5829999999996289,7.389977203980949,0.6197050106312503,-0.0028136301808728906,0.011626847665212672,11.770567229976399,78.65257601477929,-0.03520477355359537,6.770272193349698,-0.014440477846085563,6.803394940370463,-0.23492126492290755
0.6459999999997308,8.146888663123466,1.1314309808020022,-0.0030759922117374727,0.03760473151063374,13.217127837411343,70.9768107984025,-0.03380565522730405,7.015457682321464,-0.04068072372237121,4.723170604207562,-0.4063775015408036
0.6569999999992433,8.279047439626508,1.2837896498393304,-0.0031121477239038596,0.046504035429769386,13.606000939099989,68.038498745404,-0.033319476308307096,6.9952577897871775,-0.04961618315367325,4.091844397484417,-0.4665337921330577
0.7019999999993161,8.8196961294848,1.2837896498393304,-0.0032254244967554737,0.046504035429769386,13.894920251398322,71.50553049298398,-0.033090174133283114,7.53590647964547,-0.04972945992652486,4.09181703202019,-0.46524534023615854
0.7419999999992797,9.300271989437086,1.2837896498393304,-0.003273845883030247,0.046504035429769386,14.151742351299198,74.5873956917945,-0.03289990240300648,8.016482339597754,-0.04977788131279963,4.091806175726106,-0.4639338715627761
0.76299999999992,9.552574189673491,1.7988777795857678,-0.0032774732490095217,0.07828473698164616,14.813094416452111,67.26887721296835,-0.03150669216200033,7.7536964100877235,-0.08156221023065569,2.8252801536834404,-0.5791525112098876
0.7729999999992287,9.67271807457356,1.7988777795857678,-0.0032735446439633065,0.07828473698164616,14.877298128056866,68.0393217522254,-0.03144705716529588,7.873840294987792,-0.08155828162560946,2.8252791128733037,-0.5787780780422096
0.7909999999992579,9.888977071727691,2.855853015281571,-0.003256855459017353,0.14644407148218608,15.959436270592846,51.89293523667482,-0.028526599629405937,7.03312405644612,-0.14970092694120343,0.40342723805775016,-0.7466115957435496
0.8119999999998981,10.141279364932714,2.855853015281571,-0.0032211518434612824,0.14644407148218608,16.09424455326778,53.510634628774035,-0.02833979505157645,7.285426349651143,-0.14966522332564736,0.4034364081070301,-0.745760689999588
0.8569999999999709,10.681927684077621,3.3365563487703653,-0.0030817313253189743,0.17729934208013576,16.593537255223193,50.61647593430312,-0.027599408968819596,7.345371335307256,-0.18038107340545473,-0.33566431248921624,-0.7886397919921307
0.9009999999998399,11.210562821711116,3.8518837239305244,-0.002855383491273359,0.21037961733103167,17.250897541844946,46.139175931595425,-0.026718407557115003,7.358679097780592,-0.21323500082230504,-1.3638476149999281,-0.8545855213390112
0.9129999999995562,11.354736332311637,4.123002468559041,-0.002777095415845281,0.2278740065765263,17.445760059805103,43.48411746379956,-0.026672828589709926,7.231733863752596,-0.23065110199237157,-1.7788207536294323,-0.8849437577920279
0.933999999999287,11.607040339905698,4.123002468559041,-0.002622139528388664,0.2278740065765263,17.5805383585496,45.10145704873351,-0.026445071291562098,7.484037871346657,-0.23049614610491495,-1.7787970527739674,-0.8838402677010998
0.9749999999994543,12.099635389083678,4.123002468559041,-0.0022507197392981847,0.2278740065765263,17.843685390284634,48.25922142955394,-0.026029810514426755,7.976632920524637,-0.23012472631582448,-1.7787465109811826,-0.8815638750496526
1.0,12.399999369832104,4.401871705537177,-0.0019772365307517015,0.24588897978067747,18.06894775245935,46.899067992300076,-0.025833433859424063,7.998127664294927,-0.2478662163114292,-2.116836343246236,-0.8984052696738518
1.0209999999997308,12.652305950256055,4.973292267278038,-0.0017186135407995739,0.28234125438611124,18.11534035726666,43.33916403753971,-0.026036800612751727,7.679013682978018,-0.2840598679269108,-2.460487882421349,-0.898030691458176
1.058999999999287,13.10886268986329,5.864567720804585,-0.001180383475487076,0.3379033954145375,18.200038351577334,38.34397465121965,-0.026466222960137075,7.244294969058705,-0.3390837788900246,-2.962538816073719,-0.8923195970754231
1.1189999999996871,13.82974777691424,5.864567720804585,-0.00013511562256152072,0.3379033954145375,18.58497982144114,42.96327228958534,-0.025674812333914356,7.965180056109656,-0.33803851103709903,-2.962404914153298,-0.8881938671331638
1.13799999999992,14.058029839769667,7.064691185732412,0.0002487339152434158,0.40705530061768147,18.098886551973628,36.52688101546217,-0.026459045984507146,6.993338654037254,-0.40680656670243803,-3.0181852003909206,-0.7913242869106261
1.1729999999997744,14.478551764917446,7.665601708188901,0.0010226994589326633,0.4376069888172325,17.994346455669522,35.43620711829586,-0.02565255471296811,6.812950056728545,-0.4365842893582998,-3.009548642461551,-0.687960323716509
1.194999999999709,14.742881324718576,8.266829553260672,0.0015509138863319355,0.4633540526027884,17.81801603896669,33.25656147212264,-0.02415370308453167,6.476051771457904,-0.46180313871645645,-3.020692882068042,-0.5489113515620259
1.2229999999999563,15.07930235284098,8.266829553260672,0.002265559967295399,0.4633540526027884,17.997536355921753,35.41080527558341,-0.02360856439671313,6.812472799580307,-0.461088492635493,-3.020631419667703,-0.5472792689490525
1.2539999999999054,15.45177043373072,8.567666256921342,0.0031073588427663382,0.4740321821984842,18.04346336645025,35.814650895024684,-0.022150064720539632,6.8841041768093785,-0.47092482335571784,-3.035757452874405,-0.4634716898562838
1.2869999999993524,15.848270853898503,8.868719769171632,0.00405522446989318,0.4830891656255595,18.09565970059451,36.415768355932,-0.020617856484094886,6.979551084726872,-0.4790339411556663,-3.0401905744859494,-0.38212377186403435
1.295999999999367,15.956407702708846,8.868719769171632,0.00432208072881411,0.4830891656255595,18.15336784442304,37.10826608187436,-0.020455936577203186,7.0876879335372145,-0.47876708489674535,-3.0401734914697016,-0.3817484716032249
1.3279999999995198,16.340895467192837,9.470721143495457,0.0052966773715139425,0.4958535862902638,18.02842202100006,35.77247503123577,-0.017484063827700787,6.8701743236973805,-0.49055690891874987,-3.030343039776511,-0.1996788637679189
1.3419999999996435,16.509109420460653,9.470721143495457,0.005734515022619506,0.4958535862902638,18.11819009583999,36.84969192931489,-0.017230260584368412,7.038388276965197,-0.4901190712676443,-3.0303193497513927,-0.1992189252624184
1.389999999999418,17.085845386223383,10.373407566248567,0.007279120241875541,0.5004509794686398,17.944538068513552,34.74831661569211,-0.012181333135886523,6.7124378199748165,-0.49317185922676426,-3.033335436234074,0.09785694710151652
1.40099999999984,17.21801452723925,10.373407566248567,0.007641015716979083,0.5004509794686398,18.01507502023057,35.594760036296336,-0.01198340310449164,6.844606960990685,-0.49280996375166075,-3.03332045273846,0.0980848015499311
1.4299999999993815,17.56646119251332,11.577544720836988,0.00860571815178538,0.4795219563599478,17.564296303938498,30.050806538833452,-0.004092653485151128,5.9889164716763315,-0.4709162382081624,-3.0364186573781193,0.5311115489203647
1.4749999999994543,18.10715631853018,12.179518068414723,0.010123967160523172,0.45410307031022,17.535200263383523,29.620499321835027,0.002094743681237382,5.927638250115457,-0.44397910314969685,-3.031623464613494,0.8047074533954074
1.4989999999997963,18.395527969604284,12.781108153907267,0.010938831074984062,0.4177418115536129,17.367619334611966,27.606449471027073,0.008325181426184766,5.614419815697017,-0.40680298047862884,-3.0150636363499626,1.0823841791376396
1.5090000000000146,18.51568300329033,12.781108153907267,0.011278511159005815,0.4177418115536129,17.431781504887912,28.37639551433841,0.008476837695843202,5.734574849383064,-0.4064633003946071,-3.0150531933350333,1.0823742372209624
1.5369999999993524,18.852117598285936,13.08156545432046,0.01222790708771399,0.3954357258174796,17.448490306291024,28.621602767065866,0.011965346448573196,5.770552143965476,-0.3832078187297656,-3.0016294126968166,1.2126251078556871
1.5670000000000073,19.212583870684572,13.08156545432046,0.013238329809829986,0.3954357258174796,17.641011207548896,30.931853582160326,0.012342655018053426,6.131018416364112,-0.3821973960076496,-3.0016095471308546,1.2123042816830663
1.6019999999998618,19.6331285701567,13.681718003960404,0.01440116223044796,0.3423986433828436,17.54094013450913,29.809559579016383,0.01918830950372316,5.951410566196296,-0.32799748115239563,-2.970166318746438,1.4941215105395274
1.6169999999992797,19.813362212042733,14.87831756592341,0.014892217667988015,0.20345430674458728,17.00023719949859,23.306327597599555,0.03410664889831472,4.935044646119323,-0.18856208907659927,-2.9084697513788864,2.036913967217931
1.65099999999984,20.22189220215442,14.87831756592341,0.015984449653175564,0.20345430674458728,17.218536113579475,25.925914566570192,0.034146430769446415,5.343574636231011,-0.18746985709141173,-2.908454722888285,2.0359925619228614
1.6849999999994907,20.630422518919836,15.47451043408481,0.017041412519127493,0.11808975619780204,17.119290674658117,24.749766776537594,0.04189211173916861,5.155912084835027,-0.10104834367867455,-2.872512793483052,2.2780748549868144
1.7339999999994689,21.219187055729133,16.069587592268658,0.018486474308887828,0.025040348783730258,17.11865725202164,24.725223926703105,0.04756617710015009,5.149599463460476,-0.0065538744748424305,-2.854463281636356,2.4014298630484703
1.7599999999993088,21.531592646517858,16.366921770646854,0.019208637267442753,-0.022783696879058023,17.127329535171196,24.834275850016414,0.049630341739574285,5.164670875871003,0.041992334146500776,-2.8495784263232107,2.427963598122577
1.795999999999367,21.964154071848945,16.366921770646854,0.020149254415912414,-0.022783696879058023,17.358357121277272,27.606606883289324,0.04918410397631291,5.597232301202091,0.042932951294970434,-2.8495856879952264,2.42594430874346
1.824999999999818,22.31260602932778,16.664213442243387,0.020851124339074496,-0.07087358300944205,17.385169344594146,27.951443110489574,0.05044833901602234,5.648392587084395,0.09172470734851654,-2.848386831327291,2.419558742776236
1.831000000000131,22.384699485551543,16.664213442243387,0.020989614977230578,-0.07087358300944205,17.423667231915356,28.413417758344096,0.0503653502088185,5.720486043308156,0.09186319798667263,-2.84839019777686,2.4191616126429407
1.88799999999992,23.069586374141405,17.557250324862505,0.022179254980377556,-0.2072648683992025,17.31378655352984,27.077036010791513,0.04887045280916157,5.5123360492789,0.22944412337958006,-2.895464155657285,2.1130751285254
1.9089999999996508,23.32191257382818,18.754881990489377,0.02255551752632974,-0.34778287782407397,16.826720239277197,20.880440196256234,0.04144150728482984,4.567030583338802,0.3703383953504037,-3.00500179607263,1.4283844698837507
1.9470000000001164,23.778501838826756,18.754881990489377,0.02314257744615332,-0.34778287782407397,17.07016756171658,23.80180806552884,0.04032951801849777,5.023619848337379,0.3709254552702273,-3.005036431765568,1.4251024830390122
1.9679999999998472,24.03082691563503,19.35642819066178,0.023411923972038368,-0.39678377940045134,16.891261063469187,21.498266361733602,0.034873865698002146,4.674398724973248,0.4201957033724897,-3.047680505260562,1.0623911803319368
1.9829999999992651,24.211058820858725,19.959513430159348,0.023578982302518026,-0.4305722976081594,16.665224784868844,18.78404590359624,0.030266282514069473,4.251545390699377,0.45415127991067744,-3.070115342872633,0.6679095487810558
2.0349999999998545,24.835860567334944,20.261295466199318,0.023984174804656314,-0.44197769405168386,16.838954672147914,20.830180946502026,0.02624385956009397,4.574565101135626,0.46596186885634017,-3.080146219543394,0.48328966095974646
2.045999999999367,24.96802974161326,20.261295466199318,0.024033529573760558,-0.44197769405168386,16.90940353061203,21.6755672480714,0.025890550639245096,4.706734275413943,0.4660112236254444,-3.0801626656182037,0.4820919581357865
2.0659999999998035,25.208336828407084,20.261295466199318,0.02408895938133587,-0.44197769405168386,17.037505920873897,23.212795931213833,0.02527969145971002,4.9470413622077665,0.46606665343301973,-3.0801955661416933,0.47984992211216676
2.0709999999999127,25.268413500066334,20.865144221797156,0.024095747791849125,-0.4537323676004673,16.74404723780977,19.739020227541566,0.01967177158924321,4.403269278269178,0.47782811539231645,-3.083400522665176,0.11067011464863773
2.132999999999811,26.013361026605477,22.073061230653984,0.023933148462517023,-0.4412518719239352,16.495494132976877,16.755052323224756,0.010779813784798946,3.9402997959514927,0.46518502038645226,-3.0796544689355763,-0.36917826929013864
2.15099999999984,26.229634822546796,22.6767844753074,0.023796329853376298,-0.4225652863960528,16.28841637065468,14.260611415347718,0.006892943635368068,3.5528503472393957,0.4463616162494291,-3.074252986263458,-0.574058216631149
2.1729999999997744,26.493968649332114,23.280276226303858,0.02357125984764333,-0.3967198729187356,16.105433884532705,12.085688583148613,0.003715082191236281,3.213692423028256,0.42029113276637897,-3.0664060469109984,-0.7223526080028568
2.2159999999994398,27.010618393277444,23.280276226303858,0.02294006764676064,-0.3967198729187356,16.380994978786017,15.392421714188364,0.00224512345604381,3.7303421669735854,0.41965994056549627,-3.0664958739971,-0.7283658301982839
2.2619999999997162,27.56330895855813,23.883652010316286,0.021969379025063893,-0.36715201487215926,16.3516943782845,15.066572243293185,0.00010726621608162541,3.6796569482418455,0.38912139389722317,-3.0621738876937012,-0.781954355440254
2.2719999999999345,27.68345845162492,23.883652010316286,0.02171606895754856,-0.36715201487215926,16.415805187756586,15.835901956958251,-0.00017795805262582243,3.7998064413086325,0.38886808382970783,-3.0621973495533936,-0.7835044514528938
2.2979999999997744,27.99584600578871,23.883652010316286,0.020984190272600473,-0.36715201487215926,16.582506468505763,17.83631732594838,-0.0008708096941987178,4.112193995472424,0.3881362051447597,-3.0622610031593567,-0.7875894145281466
2.2979999999997744,27.99584600578871,24.486958288340208,0.020984190272600473,-0.3373390535668246,16.263625168249725,13.93548551433791,-0.0004130746569451524,3.508887717448502,0.35832324383942504,-3.0695979538444096,-0.7645116186799097
2.3599999999996726,28.740763430694766,25.090340443806472,0.01881210877036433,-0.309493884391276,16.338863708065073,14.829908450361948,-4.7895671041282736e-05,3.6504229868882945,0.32830599316164033,-3.074884620989815,-0.6765977120201988
2.375,28.92098402281623,25.99576429725573,0.018197797299176227,-0.27781253830334524,15.94974058492897,10.184194094581356,0.004640600692637749,2.9252197255605026,0.29601033560252143,-3.08073614069051,-0.4544950862513518
2.4039999999995416,29.26940908672222,25.99576429725573,0.016914092729702557,-0.27781253830334524,16.13571185537332,12.415849339913553,0.003794738174184856,3.2736447894664913,0.2947266310330478,-3.080799317463482,-0.4588315811992504
2.451000000000022,29.834094080653742,26.901574089068426,0.014569945074610015,-0.260567469403039,15.951112481957528,10.242324203904138,0.008459686209790509,2.932519991585316,0.275137414477649,-3.082055928507266,-0.22768506731832625
2.475999999999658,30.134456510024997,27.203596350570514,0.013192815971861763,-0.2574255419480768,15.954098317240058,10.202506168727458,0.008639413389174155,2.9308601594544825,0.2706183579199386,-3.0886512777553286,-0.2089178430097705
2.48700000000008,30.266615592107488,27.505579369845968,0.012558715347730844,-0.2544729359263567,15.862996577585077,9.11597316926798,0.009067861476238585,2.76103622226152,0.26703165127408757,-3.088228247696982,-0.19884620829503694
2.52599999999984,30.735177650242175,27.505579369845968,0.010174257121439597,-0.2544729359263567,16.113100072949308,12.117215113638775,0.007908646194687074,3.229598280396207,0.2646471930477963,-3.08830550006334,-0.20426090531936486
2.540999999999258,30.91539305428156,27.807559008832666,0.009201338208713595,-0.2517272149095397,16.043310281707576,11.368576048965593,0.007777889093364761,3.107834045448893,0.2609285531182533,-3.080919773624199,-0.20731291104346086
2.5609999999996944,31.15567960881624,27.807559008832666,0.0078566325251581,-0.2517272149095397,16.17158401983638,12.907860906511232,0.007242610597217698,3.3481205999835737,0.2595838474346978,-3.080958074031379,-0.21001100795314934
2.608999999999469,31.732364320008834,28.41146430144683,0.0044120133313476076,-0.2435793991914937,16.156745650023336,12.728919314730057,0.004327098290234837,3.3209000185620035,0.24799141252284132,-3.079564427891823,-0.3333881976268682
2.632999999999811,32.02070520298953,29.015282954015944,0.0025770940075000017,-0.2306778573609886,15.99202986250737,10.674466085068483,0.0015624362459437811,3.005422248973588,0.2332549513684886,-3.083445377502567,-0.4612749454791139
2.63799999999992,32.08077608663329,29.015282954015944,0.0021855487363212785,-0.2306778573609886,16.024107306021346,11.059395407236215,0.0014436210529107799,3.0654931326173482,0.23286340609730988,-3.083454265105374,-0.46191045310335327
2.6599999999998545,32.345087491279635,29.015282954015944,0.0004251937405788487,-0.2306778573609886,16.165253386538016,12.75314837343625,0.0009509040873883408,3.3298045372636906,0.23110305110156742,-3.0834879166151303,-0.46468301082427094
2.6859999999996944,32.65745461489671,29.9208157547985,-0.001733194294216677,-0.20389140363285035,15.848795803338877,8.940654778413052,-0.0019730259115335147,2.736638860098207,0.20215820933863368,-3.0816992890910146,-0.574345131796742
2.7399999999997817,33.30621377318963,31.128005259543546,-0.006478921950764936,-0.16228056243768726,15.541776896116277,5.4120431529265565,-0.003946932737744364,2.178208513646087,0.15580164048692233,-3.068455938973745,-0.5914716242960183
2.7640000000001237,33.59454983999987,31.73164684904953,-0.008699113696986328,-0.14338370839539066,15.374187267054833,3.3802198312390934,-0.003727872140173521,1.8629029909503423,0.13468459469840433,-3.071777339617233,-0.5448703679646855
2.7789999999995416,33.77475947983552,31.73164684904953,-0.010120605577214432,-0.14338370839539066,15.47046478470917,4.535550043091157,-0.004011749085227219,2.0431126307859877,0.13326310281817624,-3.0717969363063347,-0.5465932846273602
2.800999999999476,34.03906644672259,32.334710341562854,-0.012251845968482238,-0.127778072462521,15.254361161705821,2.6066242738740795,-0.0018791115768308187,1.7043561051597393,0.11552622649403875,-3.0197939072825353,-0.4182796037146012
2.826999999999316,34.351428455985406,32.334710341562854,-0.014840438253119051,-0.127778072462521,15.421249191149839,4.609280627202277,-0.002351279804231867,2.0167181144225523,0.11293763420940194,-3.019826831014793,-0.4211604097753755
2.8710000000000946,34.88003922287967,32.933406438536096,-0.019389326803966322,-0.11769696928897584,15.31268735724656,4.65793379012198,-0.0006294918257445006,1.9466327843435707,0.09830764248500952,-2.9094228508466635,-0.29865306475075976
2.8939999999993233,35.15635763804013,33.5294635944511,-0.021849165024587145,-0.11196277155874976,15.113741664610112,2.804497847880397,0.0013318189066698655,1.6268940435890258,0.09011360653416262,-2.865900465739797,-0.20280110342896568
2.912999999999556,35.38462027050063,33.5294635944511,-0.023922554508768686,-0.11196277155874976,15.23570258392221,4.26802887962558,0.0009941614303597632,1.855156676049532,0.08804021704998108,-2.865918521161875,-0.20475312752559882
2.9549999999999272,35.88919964628414,34.12282810877776,-0.028635590904394118,-0.10961491112695113,15.155013097036221,3.9322533992975863,0.0021671466259588546,1.7663715375063802,0.08097932022255701,-2.81353612568347,-0.13529176834527362
2.9669999999996435,36.03336487153916,34.12282810877776,-0.030014286650108912,-0.10961491112695113,15.232043162017955,4.856614179078392,0.001968841153399607,1.910536762761403,0.07960062447684221,-2.813547057440088,-0.13646280636565744
2.994999999999891,36.369749934507915,34.41889147534664,-0.033285263691964946,-0.10941208590403258,15.217574775654999,5.3684474155775135,0.0022660361120008833,1.9508584591612745,0.07612682221206762,-2.7564616947203255,-0.11313799246485007
3.01299999999992,36.58599716259997,34.41889147534664,-0.0354272326167295,-0.10941208590403258,15.333122944160133,6.755025437639128,0.0020017016046180824,2.1671056872533327,0.07398485328730309,-2.756475109561931,-0.1148229301709721
3.0349999999998545,36.85029900436969,35.59487481697793,-0.03808598277433655,-0.111938863160444,14.735034351878891,1.6737895275189263,0.003447432786629369,1.2554241873917604,0.07385288038610746,-2.5817802238921512,-0.08012750653490425
3.0599999999994907,37.15064158240385,36.47253785493141,-0.041160613299221695,-0.1137662239850593,14.475548505431172,-2.4060419389643317,0.003238121032795594,0.6781037274724397,0.0726056106858376,-2.6623468524538474,-0.1066695816614475
3.1129999999993743,37.78736663801756,36.766630271827914,-0.047860176496184126,-0.11396901745284622,14.707903390603533,-0.5560678753841445,0.0020232289365482636,1.0207363661896451,0.0661088409566621,-2.7405763282436624,-0.1226150981807435
3.134999999999309,38.05166714299016,37.06142471336605,-0.050710929331009014,-0.11395802277941393,14.689294093985154,-0.7354261000380774,0.0014991692147145446,0.9902424296241108,0.06324709344840491,-2.736923851809891,-0.13552200781500026
3.186999999999898,38.676376706439626,37.35564179368662,-0.057604682698936434,-0.11370485983317366,14.794108324335923,1.9345628307385363,0.0002897000366640406,1.3207349127530037,0.05610017713423723,-2.6192420043078197,-0.15824723489699924
3.207999999999629,38.92866295540559,37.35564179368662,-0.060448409950627204,-0.11370485983317366,14.929095489851521,3.5544088169257115,7.443913816854795e-06,1.5730211617189696,0.05325644988254646,-2.6192465731546744,-0.15984304990864426
3.2289999999993597,39.180949123807956,37.93338685622528,-0.06332523559119349,-0.11167605164279938,14.550493438205278,2.907939557218007,-0.0018128025223631363,1.2475622675826727,0.04835081605160589,-2.294360834401205,-0.20951276950128703
3.2460000000000946,39.385180690664235,37.93338685622528,-0.06567777010155773,-0.11167605164279938,14.659637919109647,4.217673328070438,-0.0019987866249895412,1.451793834438952,0.04599828154124165,-2.2943662910902276,-0.21074390463440806
3.2819999999992433,39.81767092546731,39.354363708197866,-0.0707274133385118,-0.09866620978661866,14.13617556393162,-2.2004193585311294,-0.006273440225729045,0.46330721726944546,0.02793879644810686,-2.304872464227662,-0.315223958500064
3.298999999999978,40.021902411040266,40.20654439552547,-0.07314301798311774,-0.0869478837236901,13.555295773274405,-6.517471105958851,-0.010144831666928285,-0.18464198448520364,0.013804865740572353,-2.083273047103832,-0.35036609757417025
3.32799999999952,40.37029719206631,40.20654439552547,-0.07730804861817799,-0.0869478837236901,13.824684447603081,-3.2848070140147496,-0.00976184804379935,0.16375279654084096,0.009639835105512112,-2.083275512109825,-0.35226566699133843
3.355999999999767,40.706678405860444,40.487321540325745,-0.08138074157584449,-0.08286826654877212,13.796875576013601,-2.288548398860863,-0.01044226475238862,0.21935686553469935,0.0014875249729276313,-1.9725275217932552,-0.34732045683323565
3.3779999999997017,40.97097797450545,40.765563491115635,-0.08461464005393814,-0.07899167849969656,13.704723379872185,-1.7806706955119305,-0.01082884023626509,0.20541448338981638,-0.005622961554241579,-1.838213750308073,-0.3360762184510472
3.42699999999968,41.55964544906724,41.04070580856933,-0.09191970791426322,-0.07554087293966362,13.760412367270707,1.0188973714465854,-0.010304246462502154,0.5189396404979121,-0.016378834974599604,-1.6610424559174746,-0.3015127923763528
3.4399999999996,41.71582263172711,41.04070580856933,-0.09388044710621676,-0.07554087293966362,13.846394720005167,2.050685604260091,-0.010124782231020013,0.6751168231577793,-0.018339574166553144,-1.6610388723589207,-0.3022200033971021
3.4669999999996435,42.0401907866792,41.57959246517517,-0.0979816480234709,-0.0704155906288671,13.50737733936094,2.255969414403051,-0.010710323597004945,0.4605983215040297,-0.0275660573946038,-1.3052644884305824,-0.26517581772116317
3.467999999999847,42.052204426523836,41.57959246517517,-0.09813427800542844,-0.0704155906288671,13.51379759281823,2.3330124558905307,-0.010691497481680783,0.4726119613486688,-0.027718687376561343,-1.3052641629538044,-0.2652273967909923
3.5189999999993233,42.66490051929923,42.108936614991315,-0.10598458244001645,-0.06655323724291036,13.489471772769496,3.3547255590499545,-0.010806767622470459,0.5559639043079159,-0.03943134519710609,-1.1959853973141126,-0.23890566349079717
3.53899999999976,42.90517386250241,42.637627937910025,-0.10909698051227093,-0.06357136584093054,13.380779962342487,1.1472645511151138,-0.01204858108721898,0.26754592459238324,-0.04552561467134039,-1.2712986980476941,-0.22939719703785882
3.5659999999998035,43.22954322880792,42.637627937910025,-0.11332710410479727,-0.06357136584093054,13.556298961510711,3.253492541133811,-0.011312955955777545,0.5919152908978944,-0.04975573826386673,-1.2712859405191246,-0.23057815664510367
3.6279999999997017,43.97439296553162,43.42793427185258,-0.12315506386721049,-0.06005417951643517,13.391461891874133,3.9555287336874083,-0.012173697905437387,0.5464586936790425,-0.06310088435077532,-1.0480232765968829,-0.20687389730033104
3.65099999999984,44.25070886487065,44.46762727947079,-0.1268380892003742,-0.05840297733546908,12.936831495971292,-0.652140207836181,-0.015412455081388256,-0.21691841460013706,-0.06843511186490513,-0.977432293934184,-0.16293036647271003
3.6589999999996508,44.3468188445721,44.46762727947079,-0.12812350229089972,-0.05840297733546908,12.988164353361263,-0.03614591915652008,-0.014886931227192349,-0.12080843489869153,-0.06972052495543064,-0.9774253522192229,-0.16320513145312404
3.6909999999998035,44.731259320568654,44.98741830325969,-0.13328647545463088,-0.05877061973565963,12.893646141994433,-0.785531981018256,-0.01557628038740434,-0.25615898269103354,-0.07451585571897125,-0.9453095150680948,-0.13980679026907172
3.7359999999998763,45.27188031719346,45.50025206165903,-0.1406001376530716,-0.06110931003087068,12.743500338819384,0.5944178595481545,-0.013862025305578266,-0.2283717444655764,-0.07949082762220093,-0.6798176317010256,-0.07215419137925996
3.757999999999811,45.53618462828257,45.50025206165903,-0.14419613580107055,-0.06110931003087068,12.887239538912562,2.3192882606662804,-0.01250539160282022,0.03593256662353639,-0.08308682577019987,-0.6797960936763552,-0.07272970514835728
3.7659999999996217,45.63229540709594,45.75263589526362,-0.14550683995389452,-0.06315022565445827,12.713086779320836,1.9533848732960288,-0.01268435258396158,-0.12034048816768461,-0.08235661429943625,-0.5359588173633139,-0.05255096295177443
3.769999999999527,45.68035082222029,45.75263589526362,-0.14616277807639372,-0.06315022565445827,12.738875192745942,2.26284583439731,-0.012442842774997676,-0.0722850730433322,-0.08301255242193545,-0.5359544388168977,-0.05264724643887493
3.806999999999789,46.12486429398756,46.003427883238416,-0.15224750461944422,-0.06563379501840656,12.805852714294979,3.761450182024957,-0.010815100760011792,0.12143641074914058,-0.08661370960103766,-0.4777636170149595,-0.02932799201407202
3.838999999999942,46.50930970440239,46.003427883238416,-0.15753285474707454,-0.06563379501840656,13.01125087324467,6.226228089421253,-0.009494362208923567,0.5058818211639746,-0.09189905972866798,-0.4777252793551021,-0.029941239481583087
3.8729999999995925,46.91778428951321,46.003427883238416,-0.16316823597824448,-0.06563379501840656,13.229510448010409,8.845342986610122,-0.008448629781579169,0.9143564062747913,-0.09753444095983792,-0.4776838278046256,-0.03048662025063051
3.893000000000029,47.158064148633215,46.7481954076032,-0.16649125105657125,-0.07517217401142394,12.889678273438859,6.105401874405006,-0.008777316505546652,0.40986874103001725,-0.09131907704514731,-0.3657224854127694,0.003604063434335336
3.9489999999996144,47.83085082385176,47.735475910054205,-0.1758204907028683,-0.08785879812508256,12.70126276914014,4.234896597052805,-0.011120111387926422,0.09537491379755636,-0.08796169257778573,-0.33349976503214585,-0.02943194640296881
3.9729999999999563,48.119189425201675,48.23584239770417,-0.17982698720871998,-0.09295796057933227,12.77888161426604,1.511337121842938,-0.013119393313177127,-0.11665297250249296,-0.08686902662938771,-0.6382551830236043,-0.04846058509884894
3.996999999999389,48.40752889020194,48.738278131074864,-0.18383659820272397,-0.09681098308845038,12.554475039375047,0.8923321991800195,-0.01643354635020016,-0.330749240872926,-0.08702561511427359,-0.465799778407078,-0.1056649716869803
4.018000000000029,48.65982667117577,48.738278131074864,-0.18734659858246247,-0.09681098308845038,12.691769985264548,2.5398715498540243,-0.014832037580862274,-0.07845145989909241,-0.0905356154940121,-0.46576518877533957,-0.10571434023843651
4.027999999999338,48.77996873305184,48.738278131074864,-0.18901829653355962,-0.09681098308845038,12.755938886060074,3.309898359400333,-0.014201735020969605,0.04169060197697405,-0.09220731344510924,-0.4657478100818988,-0.10572387435761901
4.0679999999993015,49.260538764582535,48.986847493695954,-0.19570464841710733,-0.0982736556054263,12.821998013064855,5.205390788796983,-0.013504117753278755,0.2736912708865802,-0.09743099281168104,-0.3737409298782417,-0.09879464979895286
4.094000000000051,49.57291079926516,49.23444702740216,-0.20004833233473995,-0.09964814787648386,12.848550150288869,5.6782798761342335,-0.013283103297032023,0.3384637718629975,-0.10040018445825609,-0.3608193139332414,-0.09522488570678089
4.101999999999862,49.6690255214664,49.23444702740216,-0.2013841697687031,-0.09964814787648386,12.899895899510703,6.294428866796233,-0.012914826990486081,0.4345784940642403,-0.10173602189221924,-0.3608040675563444,-0.09517837273013993
4.101999999999862,49.6690255214664,49.725242277674255,-0.2013841697687031,-0.10316798545319235,12.543035453795483,3.815411930589608,-0.014168243252685593,-0.056216756207852825,-0.09821618431551075,-0.21014615014671278,-0.04681268504684269
4.143000000000029,50.161615402450366,49.725242277674255,-0.20822307986835376,-0.10316798545319235,12.80615994508693,6.972905826086992,-0.011949413409797782,0.4363731247761109,-0.1050550944151614,-0.2100672109199362,-0.046478876919542916
4.197000000000116,50.81039750106651,49.725242277674255,-0.21720360806999942,-0.10316798545319235,13.152792555866467,11.132497155441436,-0.010021844717580839,1.0851552233922561,-0.11403562261680707,-0.20995597436064983,-0.04580309026939641
4.224999999999454,51.146805350990775,50.95278857179449,-0.2218439236383679,-0.1164917917528676,12.769211167050102,4.770007434213778,-0.01136466031659211,0.19401677919628213,-0.10535213188550031,-0.35595953471155894,0.0035210105781358914
4.246999999999389,51.41112705177794,50.95278857179449,-0.22548037804976626,-0.1164917917528676,12.910412059051296,6.4644181382281225,-0.010304010499021783,0.45833847998344623,-0.10898858629689866,-0.35590750694238693,0.00392758638204993
4.26299999999992,51.60336171066137,51.940568496898884,-0.22811919738326467,-0.13292675599710307,12.437932345702867,1.6815257282029634,-0.010601408022661124,-0.3372067862375161,-0.09519244138616159,-0.28051487461692304,0.08844159680889777
4.281999999999243,51.83164108448971,51.940568496898884,-0.23124578701438558,-0.13292675599710307,12.560667416765822,3.154346580958432,-0.009246857763715973,-0.10892741240917303,-0.09831903101728251,-0.28047347560053915,0.08885621670157673
4.333999999999833,52.456409967848664,52.434719316457745,-0.23975912056009938,-0.14376808588410367,12.629329657933575,3.99735057223447,-0.006915700681299413,0.021690651390919413,-0.0959910346759957,-0.27806782730957735,0.12177526588789045
4.36699999999928,52.85290135459989,52.92992200714614,-0.24512415174070204,-0.15585721754420648,12.654218716186312,2.816045400188155,-0.005607895145492651,-0.07702065254625268,-0.08926693419649556,-0.4005850055905871,0.15438106445654573
4.391999999999825,53.15327540477302,52.92992200714614,-0.24916669639225492,-0.15585721754420648,12.814687326877758,4.7416687284855055,-0.004468548439623788,0.22335339762688022,-0.09330947884804844,-0.4005210265806056,0.15517195129983047
4.394999999999527,53.189320399940534,53.17806800029912,-0.2496504518217376,-0.1623585108279478,12.694948881438357,3.4257475086411153,-0.004223040040599965,0.011252399641414002,-0.08729194099378978,-0.39001198762673184,0.17130772766967706
4.435999999999694,53.68193769880832,53.423617678874685,-0.25623100134779125,-0.16919661763753996,12.689481666416981,5.975426302201274,-0.002177290182640403,0.2583200199336346,-0.0870343837102513,-0.17141876528864763,0.18937748693907464
4.4539999999997235,53.89821012324472,54.15417545428826,-0.2591009387676934,-0.19096284770177335,12.411946288494788,2.693224422615353,-0.0017486101032008247,-0.2559653310435337,-0.06813809106592006,-0.16683290673734774,0.20760803222493124
4.4780000000000655,54.186574771964,54.15417545428826,-0.2629080837937493,-0.19096284770177335,12.566009954590527,4.541988415764226,-0.000844571335976489,0.03239931767573978,-0.07194523609197595,-0.16676550729561868,0.20855494561315213
4.516999999999825,54.655170729309525,55.13013074788241,-0.2690443885800499,-0.21952347580479326,12.30586640193376,1.1657045680695102,-0.0009508809332052943,-0.4749600185728866,-0.049520912775256665,-0.18850647016079414,0.1887608694332787
4.536999999999352,54.89547799372777,55.13013074788241,-0.27216551648069226,-0.21952347580479326,12.436391206930258,2.7320022280275102,-0.00023157493902849563,-0.23465275415463793,-0.052642040675899004,-0.18844891706062228,0.18966211023475418
4.569999999999709,55.29198761583352,56.096238304697955,-0.2772748995976404,-0.2446165415595087,11.85452790980099,-0.7865162688050635,-0.002385384120921004,-0.8042506888644354,-0.03265835803813169,0.09856275691917205,0.11955278377267878
4.614999999999782,55.83268778425067,56.096238304697955,-0.2841558478967787,-0.2446165415595087,12.238688363705613,3.823409178050402,-0.0008270098508005966,-0.2635505204472821,-0.039539306337270014,0.09869610908828186,0.12183602515051825
4.630000000000109,56.01292251784096,56.096238304697955,-0.28642641546892017,-0.2446165415595087,12.334971319425653,4.9788046466908975,-0.00047702322382699066,-0.0833157868569927,-0.04180987390941146,0.0987389676280852,0.12260107943649301
4.655999999999949,56.325330710515445,56.33441391342201,-0.2903357870190325,-0.24989665051902069,12.374895605720424,5.451373195294127,-0.0007854100710627894,-0.009083202906566612,-0.040439136500011824,0.09785190228486407,0.10585840062541943
4.674999999999272,56.553629754717164,56.57326421163573,-0.2931728285668088,-0.2548065826805186,12.382728920246695,5.28759327364369,-0.001393720267986377,-0.01963445691856691,-0.03836624588629023,0.07591837637056642,0.08364472029865522
4.694999999999709,56.793944903671814,57.04528949036991,-0.2961423219505237,-0.26328540187056165,12.064972076936444,5.164748468421463,-0.0031638799310978326,-0.2513445866980959,-0.03285692007996205,0.38260901905882605,0.033836649391797174
4.75,57.45481189130485,57.04528949036991,-0.3042280240159658,-0.26328540187056165,12.417954605216202,9.400538807778583,-0.002149003874100296,0.4095224009349394,-0.04094262214540417,0.38259061841268327,0.03585637055239202
4.77599999999984,57.767220736223315,57.04528949036991,-0.30801435976996366,-0.26328540187056165,12.584808992047984,11.40279144975996,-0.001823587218179173,0.7219312458534048,-0.04472895789940201,0.3825473046136949,0.036665941356055165
4.8049999999993815,58.115675111406716,57.04528949036991,-0.3122142575243281,-0.26328540187056165,12.770907584765615,13.635974562371526,-0.001530925022484182,1.070385621036806,-0.04892885565376642,0.3824756714068922,0.03745763013158221
4.846999999999753,58.62032861894028,58.69179792636968,-0.3182601617465578,-0.28060541472584605,12.34218890412843,5.035039299201584,-0.0070461172443350845,-0.07146930742940327,-0.037654747020711754,0.09315731647028969,-0.061944907459265286
4.846999999999753,58.62032861894028,59.171850680286326,-0.3182601617465578,-0.28338924051699704,12.181368959820785,1.2486887380813656,-0.009932798999206995,-0.5515220613460485,-0.03487092122956076,-0.06168779202836916,-0.08470855774083144
4.889000000000124,59.124974764264955,59.657273937974686,-0.32427182577588437,-0.28491077003206744,12.252694643057835,0.29041091589383583,-0.01216108594497348,-0.5322991737097311,-0.03936105574381693,-0.2132035019569276,-0.12579776566911338
4.930999999999585,59.629611121286665,59.89949865304873,-0.3302597043794908,-0.28537978268810044,12.317126945639767,3.1891279377232293,-0.010740503694826627,-0.26988753176206615,-0.04487992169139038,-0.036307533403942216,-0.11082937219060808
4.969999999999345,60.09819141002932,60.13995173812014,-0.3358074530287788,-0.2861465556777244,12.423916009727822,4.753968577412251,-0.009746687982191204,-0.041760328090816756,-0.04966089735105439,-0.012918299817414436,-0.09230565451127809
4.994999999999891,60.398557067929985,60.13995173812014,-0.3393614281936486,-0.2861465556777244,12.584249817080675,6.677974265646483,-0.008964249795575625,0.2586053298098463,-0.053214872515924216,-0.013128492854828977,-0.09229313536066538
5.007999999999811,60.554745086480956,60.617738925799905,-0.34120964797677084,-0.28871163339294614,12.320480546606108,5.261044089559809,-0.008230440980687743,-0.06299383931894909,-0.05249801458382469,0.13265038407166863,-0.05695900583570332
5.029999999999745,60.81905973442386,60.617738925799905,-0.3443387222511595,-0.28871163339294614,12.46156284836292,6.9540317106415594,-0.007544820259966833,0.2013208086239544,-0.05562708885821338,0.13244201575578352,-0.05706022248786938
5.081000000000131,61.431770203431824,61.089607799149434,-0.3516064776458005,-0.29402853210701557,12.480415654114692,8.246228763767121,-0.004661905080107331,0.34216240428239075,-0.057577945538784925,0.2216203778489998,0.025369664476277032
5.101999999999862,61.684054323905876,61.80615306415711,-0.35460802229311966,-0.3075771771885072,12.407780520150347,4.029947727095188,-0.001311580262518111,-0.12209874025123213,-0.04703084510461247,-0.055365416097538755,0.13399977789527004
5.110999999999876,61.792174485591765,61.80615306415711,-0.3558964997981211,-0.3075771771885072,12.465487635025696,4.722433105599376,-0.0011034620849790992,-0.013978578565343014,-0.04831932260961391,-0.0554745476337235,0.13384894721378507
5.152999999999338,62.296721742316485,61.80615306415711,-0.3619296830663931,-0.3075771771885072,12.734774734059851,7.953878294009246,-0.00036114983523328185,0.4905686781593772,-0.054352505877885926,-0.056018275904486714,0.13299416912358114
5.179000000000087,62.60904857733072,62.76626067070736,-0.36568444630940905,-0.3334086461938393,12.32331482872097,4.252313063331632,0.0028755831524750644,-0.15721209337664277,-0.03227580011556974,0.048363755781112516,0.19887969481541615
5.1899999999996,62.74118393664719,63.00517730379502,-0.3672783316221764,-0.3399596292938788,12.255191098429332,3.6426603512252678,0.002087911735663896,-0.26399336714783317,-0.027318702328297584,0.06476218591158478,0.17076275162230065
5.213999999999942,63.02947302670856,63.244504603939234,-0.3707680832615195,-0.3459849703484445,12.295802309833858,3.850329141605891,0.001661794845859499,-0.21503157723067545,-0.024783112913075,0.04041965347192722,0.14365710734290418
5.246999999999389,63.42585589793512,63.48554367521749,-0.3755968073883327,-0.35163067890521554,12.472416614508772,4.181703713064586,0.0012191373486916466,-0.05968777728237029,-0.023966128483117133,-0.10950786412599811,0.127163784945077
5.269999999999527,63.70211217543542,63.48554367521749,-0.37898535482200923,-0.35163067890521554,12.619839456441877,5.950777816261866,0.001380664008962622,0.2165685002179245,-0.02735467591679369,-0.10989638516736555,0.12629359182763938
5.300999999999476,64.07444310383704,63.728750459862795,-0.38358597016774376,-0.35682395292731284,12.706927898422304,6.645228992478957,0.00027211761352479813,0.34569264397424604,-0.026762017240430924,-0.140422504464226,0.08931019638046028
5.348999999999251,64.65092063991803,64.44891248140188,-0.39079432187318447,-0.3649205325968082,12.45769737747986,6.930517719201177,-0.006381543915989132,0.20200815851615062,-0.02587378927637629,0.12948788205110162,-0.0909991949820877
5.373999999999796,64.95115166670904,64.44891248140188,-0.3945938002619632,-0.3649205325968082,12.617702367286245,8.850577596877795,-0.006069316376395934,0.502239185307161,-0.029673267665155045,0.12898778682482082,-0.09230657086173572
5.373999999999796,64.95115166670904,65.40934356898951,-0.3945938002619632,-0.3645766231466273,12.288385728662977,1.3739421177471591,-0.013438053745013044,-0.45819190228047546,-0.030017177115335913,-0.16482917023265742,-0.19467366808338812
5.414999999999964,65.44350258479456,65.89633125186009,-0.4008991497748474,-0.3626238024735329,12.282661475222522,1.6943054080520563,-0.01464759118190653,-0.45282866706553193,-0.038275347301314544,-0.13327896832456254,-0.1953032154684649
5.423999999999978,65.55157482126322,65.89633125186009,-0.40229637888553077,-0.3626238024735329,12.348529136203144,2.4847173398195346,-0.01417092750206276,-0.344756430596874,-0.039672576411997895,-0.1334738244603706,-0.195847105396208
5.447000000000116,65.8277513150303,66.3792318568428,-0.4058897698553843,-0.3615089589656303,12.170062152720948,1.8640040778447644,-0.014549796404233132,-0.5514805418124951,-0.044380810889753985,-0.0073079177874362244,-0.14537087569447313
5.476999999999862,66.18796339174173,66.61910817572166,-0.41062810167947755,-0.36206965277266,12.22190315815633,3.018520590436776,-0.012184871519548215,-0.4311447839799314,-0.04855844890681754,0.03651182663763208,-0.09875848504210609
5.4979999999995925,66.4400992881353,66.61910817572166,-0.41398140420455287,-0.36206965277266,12.306703827345963,4.036128620712382,-0.010553766890851378,-0.17900888758636313,-0.05191175143189286,0.03601087966153749,-0.10022844413924516
5.520999999999731,66.71623582969158,66.61910817572166,-0.4176902253221892,-0.36206965277266,12.382671128486336,4.947736234396867,-0.00805839519806908,0.0971276539699204,-0.05562057254952918,0.035442400035032406,-0.1019048016584947
5.583999999999833,67.47254103115121,66.85798535983744,-0.4280561034057197,-0.36379540660959236,12.613765850508916,8.228508800207567,0.004325278949729339,0.6145556713137665,-0.06426069679612734,0.07648355259688344,-0.05524401972503576
5.621999999999389,67.92867405729702,67.33368284851343,-0.4344661648080274,-0.37023877981611936,12.47012378815449,7.111021071901667,0.014565240105376121,0.5949912087835827,-0.06422738499190805,0.12710635250300406,0.02869141349149895
5.643000000000029,68.18073022005689,68.04498972067208,-0.4380631365589676,-0.3867127775063988,12.17788113176484,4.255453589103539,0.02632570638359227,0.13574049938480925,-0.051350359052568795,0.1838537511613314,0.16276849142492908
5.653999999999542,68.31275450519588,69.00170219297686,-0.4399633846203251,-0.41510987179346387,11.879887045616988,-2.336344240414488,0.04013878427477131,-0.6889476877809813,-0.024853512826861213,-0.06781156037264502,0.16429930950810107
5.683999999999287,68.67280386877772,69.00170219297686,-0.44520251814587936,-0.41510987179346387,12.085730764161966,0.13378038212523705,0.052241249240839754,-0.32889832419914455,-0.030092646352415486,-0.0686441355330345,0.16149744145488926
5.706000000000131,68.93682153340296,69.48159054730347,-0.44910146118721056,-0.42606400725596344,11.858734333676203,-0.7585053078607176,0.0654181154375734,-0.5447690139005061,-0.02303745393124712,0.0802742049167513,0.03314478110956259
5.735999999999876,69.29682294077138,69.71822274402759,-0.4544954272199566,-0.4297174022319862,11.828106074968463,0.8894365754311808,0.07858526173484047,-0.4213998032562074,-0.024778024987970437,0.24739807549908122,-0.006574227903691998
5.7479999999995925,69.4408236338042,70.1859202530129,-0.45667091017610484,-0.4322201590985337,11.733001299969024,1.1768820155222963,0.09488237358676466,-0.7450966192086952,-0.024450751077571165,0.364892329375488,-0.18932511139690303
5.809999999999491,70.18574476935008,70.1859202530129,-0.46821646947152307,-0.4322201590985337,12.035370199930638,4.8053088150616805,0.20650085085249917,-0.00017548366281516792,-0.03599631037298939,0.45272735727556856,-0.19535784959620742
5.831999999999425,70.4536856125608,70.41898194469609,-0.4729231969735104,-0.4312295817394029,11.987681737972048,4.242062601628622,0.27875454142322514,0.03470366786471857,-0.04169361523410747,0.6613388925304324,-0.3474069869855898
5.873999999999796,70.97721133205741,70.41898194469609,-0.4802931200932655,-0.4312295817394029,12.239060049761362,7.2586023431004,0.36424925531027924,0.5582293873613224,-0.049063538353862624,0.8531867978145975,0.045581022734178356
5.897999999999229,71.26948501273083,71.34559576654787,-0.46206608913208513,-0.4058017990454691,12.063774946536611,6.626798673931693,0.4189000099775623,-0.0761107538170478,-0.05626429008661604,0.21954571083110785,1.021172923840458
5.917999999999665,71.49192510514274,71.80472013990952,-0.4109237393098539,-0.3744275442358423,12.000806747981617,5.953207110726337,0.41890000998916077,-0.31279503476677917,-0.036496195074011584,-1.0298430949545025,2.738752926865144
5.947999999999411,71.76452263174045,71.80472013990952,-0.24067736358311037,-0.3744275442358423,12.058810110755868,6.649247464017368,0.4189000099887739,-0.040197508169072194,0.13375018065273192,-3.9134086720476953,6.755540486321692
5.974999999999454,71.9240486694891,72.9516095797318,0.008964105642616346,-0.23849871484622964,11.978945991980863,4.572371246620231,0.4189000099940323,-1.0275609102426984,0.247462820488846,-7.229629369266147,8.855626511596476
6.007999999999811,72.00159770728641,72.9516095797318,0.39207073567225137,-0.23849871484622964,11.96214529271952,4.370762855484101,0.41890000999228105,-0.950011872445387,0.630569450518481,-10.809153233354468,10.509062781984868
6.039999999999964,71.98773093431723,73.4086808850648,0.7909313200939082,-0.16068701973008756,11.867372583564759,4.062732867814632,0.41748960997443324,-1.4209499507475698,0.9516183398239958,-12.514517349470921,10.312600481736625
6.055999999999585,71.96683048498487,73.860116990953,0.9902437705704015,-0.06542032548786897,11.853936499408952,3.005531098739649,0.41558764340880777,-1.8932865059681347,1.0556640960582704,-12.662343343827274,9.923106031004306
6.113999999999578,71.95673869703846,74.08672027667768,1.682571993799046,-0.01434711929009476,11.66834999513906,0.6345967243523252,0.35100442225006323,-2.129981579639221,1.6969191130891408,-9.513348284050693,8.829708869525788
6.170000000000073,72.2366603010729,74.75741249315908,2.2886654051222775,0.15552342293338328,11.278128442123453,-3.3096339325767827,0.2912070847133465,-2.520752192086178,2.133141982188894,-2.7283742464832095,6.454478941838228
6.229999999999563,72.83716989468624,75.19226371406084,2.709774281216942,0.30257254349091306,11.034152948738797,-4.38913880308265,0.20781763869640663,-2.355093819374602,2.407201737726029,0.09551185399218554,-0.44310865205394734
6.252999999999702,73.08915505144707,75.19226371406084,2.7586205853796217,0.30257254349091306,11.082661025273133,-3.807041884670622,0.1814585061750409,-2.103108662613778,2.4560480418887085,0.3634911863822232,-2.9327717158994018
6.268999999999323,73.26789043917114,75.61407057158374,2.761837350290777,0.4630672925433907,10.747874883468803,-4.4114919856432016,0.16761170862965824,-2.3461801324125986,2.2987700577473866,0.8603136956985651,-4.450568718417532
6.292999999999665,73.53988507396035,75.82096982185152,2.728736553515153,0.5415634042518997,10.66968324923761,-4.18647194804266,0.13967027277959218,-2.281084747891171,2.187173149263253,1.1011389119579569,-6.078848873534294
6.3659999999999854,74.37872415021728,76.62765737499318,2.473511295341861,0.8647932852567128,10.41221156730563,-3.4240120457170864,-0.0701621584244251,-2.2489332247758966,1.6087180100851481,1.775673296699395,-8.568083791895173
6.3659999999999854,74.37872415021728,77.01103159202894,2.473511295341861,1.0530841403780145,10.139780972664903,-6.6252923130526495,-0.4189000099157813,-2.632307441811662,1.4204271549638465,1.9582583320545517,-8.92932197681835
6.436999999999898,75.18888172176432,77.01103159202894,2.1800253676833945,1.0530841403780145,10.57508368389832,-1.4016597782516396,-0.4014547482896942,-1.8221498702646244,1.12694122730538,1.833652459073761,-9.076502022777579
6.472999999999956,75.5966402639499,77.20117066408328,2.0275746295688264,1.1513413112874047,10.761803828730194,0.7230390460580535,-0.41890000983716547,-1.6045304001333847,0.8762333182814217,1.833224821414218,-9.245808872919742
6.496000000000095,75.856297094754,77.56873735791208,1.929241302030699,1.360415111199896,10.65686410289609,2.4828903469022383,-0.41890000999013244,-1.7124402631580864,0.568826190830803,2.348867418310679,-9.71973393661477
6.509999999999309,76.0140673369794,77.56873735791208,1.8691062360044763,1.360415111199896,10.77139490436524,3.857259964532033,-0.4189000099681101,-1.55467002093269,0.5086911248045802,2.334613660034478,-9.733007556447218
6.509999999999309,76.0140673369794,77.92342652191047,1.8691062360044763,1.5791690808671883,10.619824524768056,3.396503239416335,-0.4189000099843373,-1.909359184931077,0.289937155137288,2.5743544662034115,-9.902574353988694
6.574999999999818,76.74439335901747,78.61243243721239,1.5882426507012806,2.0332652620338547,11.020545726904226,7.97172040254002,-0.4189000099902213,-1.8680390781949257,-0.44502261133257415,2.67491467997837,-10.19067022560974
6.594000000000051,76.95738026921988,78.95167043616985,1.5059521562802456,2.270436374202506,11.127814124870165,9.218489054465055,-0.418900009991995,-1.9942901669499662,-0.7644842179222604,2.7365884304122243,-10.296023088820508
6.666999999999462,77.77486500149953,79.28964645974891,1.1911792183814418,2.5057793524822367,11.397536529018716,13.807181149474037,-0.41890000999148264,-1.5147814582493737,-1.314600134100795,2.72863766715745,-10.051816887797754
6.6899999999996,78.03245340339552,79.28964645974891,1.0929937698607055,2.5057793524822367,11.50980567127838,15.154410856589998,-0.41890000999079396,-1.2571930563533869,-1.4127855826215312,2.733726923567172,-10.023076176960863
6.6899999999996,78.03245340339552,79.45993801923494,1.0929937698607055,2.620327830788622,11.517504388964907,14.948540743372144,-0.4189000099914973,-1.4274846158394183,-1.5273340609279165,2.63582696785212,-9.921846297098103
6.751999999999498,78.72786108846269,79.63338898032272,0.8324219478341957,2.733097289991635,11.890537769014784,17.93384763829137,-0.41890000999644794,-0.9055278918600322,-1.9006753421574394,2.486225875908662,-9.759772642924233
6.778999999999542,79.03149033025156,79.63338898032272,0.7213798738555353,2.733097289991635,12.024124328224065,19.53688634880275,-0.41890000998914245,-0.6018986500711634,-2.0117174161361,2.508787663417994,-9.696582569962025
6.778999999999542,79.03149033025156,80.17293185345227,0.7213798738555353,3.065880307109996,12.11899764939663,18.20567445969032,-0.4189000099968642,-1.1414415232007116,-2.344500433254461,2.125687339247282,-9.466794255630997
6.84099999999944,79.73150866981462,80.93743213447857,0.47372202083956316,3.48413392056198,12.858777965972806,18.104753829823885,-0.41890000999160454,-1.2059234646639538,-3.010411899722417,1.2925652179738325,-9.20186585704228
6.8840000000000146,80.21999446242297,81.3427755112333,0.3092004050725786,3.6889577320024056,13.037959564049263,19.6126148025861,-0.41890000999097804,-1.1227810488103245,-3.379757326929827,1.087709023676469,-8.628711061265147
6.903999999999542,80.4482150339398,81.3427755112333,0.23502868921346015,3.6889577320024056,13.114003528935806,20.525142381224615,-0.41890000998996074,-0.8945604772934956,-3.4539290427889453,1.1225330049365745,-8.549679074463075
6.920000000000073,80.63131285841573,81.75954501988613,0.1768606354983357,3.8835265002002166,13.273817674510386,20.235814246910618,-0.41890000999062266,-1.1282321614704074,-3.706665864701881,0.8781382288492452,-8.326036528087618
6.975999999999658,81.27603138348502,81.97298564319058,-0.017765603199267725,3.9766208978682975,13.557477306583529,21.953852256443433,-0.4189000099876636,-0.6969542597055636,-3.994386501067565,0.7880914512040356,-7.9684453204320835
7.0,81.5541024228637,82.19225754490901,-0.09652172142062197,4.06971652474723,13.878590191783449,21.425817974411164,-0.41890000998569304,-0.6381551220453048,-4.166238246167852,0.46396674017342576,-7.917916894070764
7.0109999999995125,81.68188003032895,82.19225754490901,-0.13161111188045288,4.06971652474723,13.918423695792578,21.90382002252072,-0.4189000099840722,-0.5103775145800569,-4.201327636627683,0.4822854335165996,-7.858998329084783
7.032999999999447,81.93802604305128,82.64598125701637,-0.19980355296408364,4.259043938799141,14.172781541228867,21.086410092766403,-0.41890000998221233,-0.7079552139650929,-4.458847491763224,0.18851746669277603,-7.78584585322865
7.057999999999993,82.23000927407891,82.64598125701637,-0.27393678279344086,4.259043938799141,14.258957235304637,22.120518421675648,-0.4189000099741428,-0.41597198293746374,-4.5329807215925815,0.22593974758904523,-7.639315804344365
7.057999999999993,82.23000927407891,83.35340318388006,-0.27393678279344086,4.514820131094407,14.46491653536529,19.86263480264946,-0.41890000998285853,-1.1233939098011518,-4.788756913887847,-0.4689714566972345,-6.898594929621689
7.118999999999687,82.94610197308835,84.34431603433913,-0.43863651135018933,4.821346470744381,14.8145860920024,19.63309382849274,-0.4189000099764065,-1.3982140612507834,-5.259982982094571,-0.9702225620264144,-5.840751090854958
7.152999999999338,83.34721131142572,84.86332997721156,-0.5196546366705034,4.955053039289238,15.152529380916743,18.629588875488153,-0.4189000099842445,-1.5161186657858394,-5.474707675959741,-1.4129359205645695,-5.418663233941109
7.195999999999913,83.8561996192435,84.86332997721156,-0.6101117910031848,4.955053039289238,15.249661623373479,19.795175784968993,-0.4113853059765368,-1.007130357968066,-5.565164830292423,-1.3720681032119053,-5.096781897516613
7.256999999999607,84.58091060298223,85.39981205667249,-0.7137769052600176,5.0768930279015345,15.56414647987508,19.661152087697737,-0.39474308293959387,-0.818901453690259,-5.790669933161552,-1.6937402778183301,-4.4737530439049324
7.277000000000044,84.81909438685645,85.67424392479798,-0.7415789125765457,5.137242207114596,15.706796662418952,19.266858925665804,-0.3920996181815397,-0.8551495379415286,-5.878821119691142,-1.8591455862100474,-4.335408754198741
7.291999999999462,84.99790209522124,86.80500940379737,-0.7606023441527578,5.359823572144862,16.05986163451773,16.528135367447142,-0.40532756529245445,-1.8071073085761356,-6.12042591629762,-2.513665878141838,-3.8816320788664425
7.322999999999411,85.36787031164062,86.80500940379737,-0.7952947105759215,5.359823572144862,16.106143488437638,17.08351761448605,-0.3930855146678887,-1.4371390921567553,-6.1551182827207835,-2.4954596322148124,-3.687479095816291
7.3419999999996435,85.59489395337555,86.80500940379737,-0.8137038146189317,5.359823572144862,16.139409201381834,17.482706169816428,-0.3856330253424531,-1.2101154504218243,-6.173527386763793,-2.4851704687747205,-3.579050766693209
7.411999999999352,86.43283278871547,87.98361959373986,-0.8655818320134793,5.549008709918123,16.366707247023086,16.615765751994967,-0.37955567384828026,-1.5507868050243871,-6.414590541931602,-2.8494433017474954,-2.676484226571749
7.448999999999614,86.87656701404032,88.28175721550657,-0.8847134466850475,5.58768113949167,16.454650222397515,16.669923287805002,-0.370104727574264,-1.4051902014662545,-6.472394586176717,-2.952026360290356,-2.305331599744538
7.45299999999952,86.92456685509605,88.28175721550657,-0.8865056089320871,5.58768113949167,16.461254250161733,16.749171620975645,-0.3685918815469353,-1.3571903604105273,-6.474186748423756,-2.950728182754185,-2.2930056087873685
7.471999999999753,87.15263419232355,88.58097012402523,-0.8943786307571162,5.6221159179437,16.459245008634934,16.725102064600268,-0.3664351277062074,-1.4283359317016817,-6.516494548700816,-2.9820845477634634,-1.9097105077903669
7.51299999999992,87.64511462714037,89.17955234219191,-0.9083584796764258,5.6793574547674455,16.493116402544818,16.83796590704137,-0.3676859873325828,-1.5344377150515385,-6.587715934443871,-3.012721091213786,-1.6517147462000434
7.552999999999884,88.12592722327845,89.17955234219191,-0.9191395893641431,5.6793574547674455,16.562663368333254,17.672529496502623,-0.3527685147633053,-1.053625118913459,-6.598497044131588,-3.0056622415610157,-1.594527898495628
7.610999999999876,88.82348198468318,90.08133980934296,-0.9315216195218935,5.737653231189204,16.518131408883587,17.674690166969736,-0.35115995085049134,-1.25785782465978,-6.669174850711097,-2.999590342595381,-0.896810819718503
7.641999999999825,89.19639587886898,91.29088228061134,-0.9371917285897381,5.766384017053334,16.427937092348998,16.390636293168704,-0.3649519487049027,-2.0944864017423583,-6.7035757456430725,-3.032415377386828,-0.1775201942684093
7.670000000000073,89.533216597406,91.89695168592725,-0.942089600932627,5.760275054418752,16.42801012211826,15.333405250238991,-0.35684154235355825,-2.3637350885212527,-6.70236465535138,-3.116655455653728,0.20739533540912497
7.675999999999476,89.60538815891509,92.19952961167455,-0.9431351919540288,5.749789930792126,16.38260652457984,15.17677328705005,-0.3617312887234506,-2.594141452759459,-6.692925122746154,-3.077911303676494,0.41643949295320076
7.708999999999833,90.002280378406,92.5010518103813,-0.9490143070535708,5.735873866586098,16.355731283622646,15.359543037749129,-0.3590929078330035,-2.4987714319752996,-6.684888173639669,-3.030983177634125,0.5813885647461904
7.7409999999999854,90.38702097215842,92.5010518103813,-0.9551861266358164,5.735873866586098,16.383369681059634,15.691203806992965,-0.3467291626555758,-2.114030838222874,-6.691059993221915,-3.0356959281446887,0.5613271735012172
7.770999999999731,90.74755456860343,93.10358013352135,-0.961705739313858,5.694553780580461,16.332692590382276,14.66137362730916,-0.3395943007911973,-2.356025564917914,-6.656259519894319,-3.0460452336550734,0.9982088535068036
7.802999999999884,91.13189852045409,93.70370917300559,-0.9697821306517825,5.6362650131957475,16.200477354416233,13.922081745932898,-0.33095106297838256,-2.5718106525515054,-6.60604714384753,-2.934240121262574,1.4531277504073898
7.837999999999738,91.55195792231986,93.70370917300559,-0.9802737417827886,5.6362650131957475,16.226356898134505,14.232636270552144,-0.3165492992585405,-2.1517512506857344,-6.616538754978536,-2.9437810833774964,1.4023797909600733
7.904999999999745,92.35536012543011,94.59848512375066,-1.0042268970919532,5.515086224968889,16.239218187486227,12.689751301358568,-0.3154358675626874,-2.2431249983205532,-6.519313122060842,-3.0490011351367396,1.717549480441851
7.935999999999694,92.72693875742192,95.77870349665109,-1.0161737214295912,5.2565409460481805,15.877635536443519,9.829901467707696,-0.3059193021624382,-3.0517647392291707,-6.272714667477771,-2.5780048675162632,3.438599144307309
7.951000000000022,92.90673502940774,95.77870349665109,-1.0219859140249288,5.2565409460481805,15.8772308517066,9.825045250864665,-0.2991009814295422,-2.8719684672433488,-6.278526860073109,-2.577508749441714,3.4396687611128125
7.974999999999454,93.19443698935446,95.77870349665109,-1.0311897780507624,5.2565409460481805,15.881222809736501,9.872948747223473,-0.2880506583592863,-2.5842665072966327,-6.287730724098942,-2.575530285136624,3.4473116982775216
8.030999999999949,93.86605556905012,96.6467841113115,-1.0513082683812198,4.984854826568383,15.9060022068867,7.424391173211251,-0.31358111625031904,-2.780728542261386,-6.036163094949603,-2.4952322940087672,4.5270762528096835
8.07799999999952,94.43033508922947,97.52098358749488,-1.0654273617470618,4.715232047479748,15.68933616148346,5.6072104243023695,-0.32926531084654376,-3.090648498265409,-5.780659409226809,-2.593619224268455,4.018023778946857
8.10399999999936,94.74282821589681,98.09570465242143,-1.0716359208408273,4.529328485845757,15.50166745336076,3.824901884222136,-0.3241658266354148,-3.3528764365246246,-5.600964406686584,-2.4219772332431226,4.459963005248048
8.139000000000124,95.1638835970129,98.09570465242143,-1.077702153961165,4.529328485845757,15.474933680387437,3.504096608542252,-0.3066087847678817,-2.931821055408534,-5.607030639806922,-2.410593273109411,4.541589816580087
8.161999999999352,95.44075431515013,98.94528418678408,-1.080017366729111,4.210598946710328,15.179748827349421,1.3713144790146776,-0.3237761711908675,-3.504529871633949,-5.290616313439439,-1.923893720293659,5.585938370359698
8.179999999999382,95.65749594512204,99.77753831172201,-1.0807847753561524,3.847907810802513,15.062732317060965,-1.3400372528172346,-0.3431890882619444,-4.120042366599975,-4.9286925861586655,-1.7719097922348261,6.263981996389473
8.219999999999345,96.13921059841893,99.77753831172201,-1.078804720979435,3.847907810802513,14.988740227452196,-2.227942328122463,-0.322304682244959,-3.6383277133030845,-4.926712531781948,-1.771638150832306,6.3975667193650345
8.28899999999976,96.96975087920559,100.31685949116778,-1.061399141632921,3.5853831854639133,14.585055251067162,-3.440912313627156,-0.32297802792338776,-3.3471086119621845,-4.646782327096834,-1.3414109778342205,6.910432120056343
8.32299999999941,97.37847708271259,100.58364434190975,-1.0452373652935654,3.4566584253536083,14.418618927935704,-4.500766902348604,-0.31989565133713516,-3.205167259197154,-4.501895790647174,-1.3233503824125084,6.957237552669664
8.323999999999614,97.39049078192349,100.58364434190975,-1.0446784262228275,3.4566584253536083,14.417307429145,-4.516504887837054,-0.3192493973388542,-3.193153559986257,-4.501336851576436,-1.3238337381670267,6.962161745617464
8.356999999999971,97.78664683906487,101.11025972137465,-1.023390602535508,3.1920243860248942,14.081002170018385,-5.891478669814042,-0.3158091631065674,-3.3236128823097744,-4.215414988560402,-0.737878940155456,7.816901834201748
8.389000000000124,98.1701586875294,101.11025972137465,-0.9971840913367157,3.1920243860248942,14.040220751041435,-6.380855697537447,-0.2925513086389352,-2.9401010338452522,-4.18920847736161,-0.7596283998001816,7.994801476500981
8.45299999999952,98.93476933838993,102.36160035129522,-0.9266415963337701,2.4660150026227385,13.499893058385318,-9.645617209615917,-0.30046156472082114,-3.4268310129052963,-3.3926565989565085,-0.2577709739946812,8.810889346845988
8.482999999999265,99.2918379566405,102.36160035129522,-0.8844937510438128,2.4660150026227385,13.37922314352514,-11.093656187938057,-0.2746078575217623,-3.069762394654717,-3.3505087536665514,-0.2894726333226423,9.014236996235063
8.496000000000095,99.44626202233414,103.29520850222565,-0.8643016994784533,1.8346301150791622,12.931247866473171,-12.219540169283016,-0.27327846763693464,-3.8489464798915094,-2.6989318145576155,0.4916371357636038,9.667295196004657
8.514999999999418,99.67160138441604,103.74302433819864,-0.8326126110911388,1.5075725503385415,12.640334859622289,-13.515515442219211,-0.24897815812027027,-4.071422953782601,-2.3401851614296802,0.9309055577530287,10.123405556353887
8.574999999999818,100.38012458502362,104.17525306860149,-0.7146325268680686,1.1698072620032496,11.790464841870296,-22.85550953460223,0.41890000999518406,-3.7951284835778694,-1.884439788871318,1.0180875270835443,10.689846883344714
8.613999999999578,100.83785866260328,104.38916336943379,-0.6223814109051897,0.999499795606473,11.958842849193056,-20.074891168463093,0.4189000099884364,-3.551304706830507,-1.6218812065116626,1.091443457595517,11.08399549882754
8.649999999999636,101.25817976619093,104.38916336943379,-0.5255680619949816,0.999499795606473,12.135070247539236,-17.960162388308948,0.41890000998338445,-3.1309836032428535,-1.5250678576014547,1.0298784094115234,11.404483957829711
8.695999999999913,101.7918902210989,105.1672790316034,-0.38468873636022327,0.2803080651061424,12.078867081933101,-11.213192772292201,0.4189000099943238,-3.3753888105045036,-0.6649968014663656,2.417307352657488,12.5315663505679
8.719999999999345,102.06881299653878,105.1672790316034,-0.30375723556854306,0.2803080651061424,12.172919256122103,-10.084566682024168,0.418900009993674,-3.098466035064618,-0.5840653006746854,2.374319403039408,12.730035206375145
8.730999999999767,102.19539507800148,105.1672790316034,-0.26512424578742994,0.2803080651061424,12.21735426128469,-9.551346620073137,0.4189000099933218,-2.9718839536019175,-0.5454323108935724,2.35509961241889,12.814385311024534
8.78399999999965,102.8023979033826,106.00759790600755,-0.0670239639600197,-0.643230131822999,12.220265411549663,1.3435491456786506,0.4189000099987242,-3.2052000026249488,0.5762061678629793,3.632590468705068,13.187460131104661
8.797999999999774,102.96196556539795,106.16140966479226,-0.011783457061223733,-0.8274912222435015,12.25097180849192,3.405714666140563,0.4189000099967866,-3.199444099394313,0.8157077651822777,3.7481110257581474,13.196480704216148
8.871999999999389,103.80037658576782,106.75485643798783,0.29543326136067316,-1.5629132029600021,12.748164413854969,11.992673445424122,0.41890000999727917,-2.954479852220004,1.8583464643206753,3.9897990103664336,13.506394943193577
8.894999999999527,104.05933810866814,106.75485643798783,0.3947924497964281,-1.5629132029600021,12.845013272450164,13.154859748566464,0.41890000999895227,-2.6955183293196825,1.9577056527564303,3.957752485075882,13.564951564840193
8.935999999999694,104.51918759440177,107.3403134341281,0.5745103998615343,-2.2991800796022464,13.358315878766142,18.42353090744034,0.41890000999753135,-2.821125839726335,2.8736904794637805,3.735328336748651,13.58639998014662
8.956000000000131,104.74272129918312,107.3403134341281,0.6628050946974846,-2.2991800796022464,13.444224238912064,19.454431229191407,0.41890000999743177,-2.597592134944989,2.961985174299731,3.7103248416997197,13.596412273782644
8.969000000000051,104.88774954190187,107.49215727446389,0.7202727400858626,-2.482424158820944,13.675996690884524,20.505292480348317,0.41890000999750104,-2.6044077325620236,3.2026968989068063,3.4373762489117787,13.573841993571445
9.027000000000044,105.531651390557,107.64811854026009,0.9791043393519978,-2.6654636101920315,14.090521158165956,24.11923878031582,0.4189000099990544,-2.116467149703084,3.6445679495440295,3.1638322408392723,13.707577120512102
9.069999999999709,106.00413520053793,107.97181828153023,1.180160393387438,-3.0359087478710998,14.743448451563452,26.857874220836308,0.41890000999750804,-1.9676830809923018,4.216069141258538,2.600406570488735,14.15567705479241
9.10399999999936,106.37363852899693,107.97181828153023,1.3494570586482804,-3.0359087478710998,14.908159948686603,28.834412186314132,0.4189000099973941,-1.598179752533298,4.38536580651938,2.480514962673684,14.482820798512478
9.123999999999796,106.58898011997812,108.31103603234413,1.4546479121917435,-3.412043158918399,15.362869435000839,30.72955818180872,0.41890000999754473,-1.7220559123660166,4.866691071110143,2.0465805017097303,14.775292156581425
9.139999999999418,106.76012047074757,108.31103603234413,1.5418549860975503,-3.412043158918399,15.441491842777676,31.67302707513077,0.418900009997495,-1.5509155615965682,4.953898145015949,1.9829670898845944,14.942058993724924
9.18499999999949,107.23596522135014,108.31103603234413,1.800417671794702,-3.412043158918399,15.669764616027425,34.412300354127744,0.41890000999736393,-1.0750708109939922,5.212460830713101,1.8024798465595104,15.352822704973281
9.19799999999941,107.37191389114969,110.04875132262926,1.8783705515059392,-5.123615977311594,17.673048501449,38.46187530518124,0.4189000099980161,-2.6768374314795693,7.001986528817533,-0.3087394836811388,15.741658063683719
9.246999999999389,107.87813457206349,110.04875132262926,2.1831501967280964,-5.123615977311594,17.899017368038535,41.17350170425568,0.41890000999786536,-2.1706167505657703,7.306766174039691,-0.5096597801485849,16.070807608093343
9.256999999999607,107.98023121515406,110.2653937197206,2.247208091420936,-5.317914481517993,18.161248883476805,42.28532617859866,0.4189000099979033,-2.285162504566543,7.565122572938929,-0.7491439407721519,16.16116490713286
9.323999999999614,108.65366837703696,110.48590510733402,2.69060069316819,-5.513280717923352,18.679612979348367,46.80136157278852,0.41890000999778465,-1.8322367302970548,8.203881411091542,-1.169737959182191,16.575492608837123
9.344999999999345,108.86097881609895,110.93605877885236,2.8345533445732203,-5.907633753847462,19.191086670127078,49.266552580082305,0.4189000099978129,-2.0750799627534064,8.742187098420683,-1.5821620651654946,16.776723267949837
9.360999999999876,109.01773409762596,110.93605877885236,2.9457844588317865,-5.907633753847462,19.269905521312182,50.21237879430355,0.4189000099977653,-1.9183246812263945,8.853418212679248,-1.6466130659497118,16.86007603861271
9.38000000000011,109.20254490017234,111.40118098039581,3.0795916058237376,-6.293091605654711,19.53025298919936,53.46542290394531,0.41890000999785443,-2.1986360802234657,9.37268321147845,-1.9936938846246317,16.618411120457477
9.442000000000007,109.79560989950754,111.87349161065787,3.5288824832496624,-6.670132008013153,20.03271723515925,59.169607360967866,0.41890000999774557,-2.077881711150326,10.199014491262815,-2.4847542145277384,16.662124656097408
9.47899999999936,110.14231895506374,111.87349161065787,3.8059462844134715,-6.670132008013153,20.22050885753983,61.423106829534824,0.4189000099976449,-1.731172655594122,10.476078292426624,-2.6294674064357935,16.83866157913357
9.490999999999985,110.25361853281059,112.35462908174259,3.897195367129766,-7.035761786652567,20.484654830619256,64.05162166783126,0.4189000099976231,-2.1010105489319955,10.932957153782333,-2.9714296164053184,16.57790504057553
9.528999999999542,110.60239219861784,112.35462908174259,4.1905318587821485,-7.035761786652567,20.6790186371056,66.3839873456674,0.418900009997516,-1.752236883124752,11.226293645434716,-3.1180049587106033,16.75155188915563
9.549999999999272,110.79275497708628,113.09552938885547,4.355436163988144,-7.559697379523207,21.039936174743904,70.61829283836856,0.41890000999751004,-2.3027744117691924,11.915133543511352,-3.4712344097578143,16.473899618997738
9.591999999999643,111.16844534423038,114.10988994555368,4.6910371789254475,-8.213458493912963,21.509368736447072,77.37146421824295,0.4189000099973994,-2.9414446013232975,12.904495672838411,-4.116466348299214,15.717602779582279
9.621999999999389,111.4327216290662,114.63207959419144,4.935344324340145,-8.511516325925049,21.75960488305017,81.28309460262439,0.4189000099969142,-3.1993579651252446,13.446860650265194,-4.384381739187848,15.41624828030501
9.621999999999389,111.4327216290662,115.16575616442462,4.935344324340145,-8.786553690695532,21.99866702607966,82.82757652726626,0.4189000099970684,-3.7330345353584278,13.721898015035677,-4.926473980405621,14.591169282061902
9.704999999999927,112.14646038722402,115.44106859204173,5.630214107298846,-8.912111418641027,22.531541886098992,88.37672334007335,0.4189000099971539,-3.294608204817706,14.542325525939873,-5.378980014131061,14.768772158387495
9.719999999999345,112.27275232926227,115.44106859204173,5.758635885314184,-8.912111418641027,22.607294982669735,89.28576049892229,0.4189000099971042,-3.168316262779456,14.67074730395521,-5.433528839177798,14.824945716288093
9.77099999999973,112.69606043366566,115.717256623272,6.201439104394281,-9.040418271134754,23.026654549120785,92.93792379043501,0.41890000999897054,-3.0211961896063286,15.241857375529037,-5.588623376946716,15.34409382015951
9.782999999999447,112.79430652643082,115.717256623272,6.3069736726545,-9.040418271134754,23.088973146277432,93.68574695631477,0.41890000999712557,-2.922950096841177,15.347391943789255,-5.631416489080433,15.385882157457056
9.813000000000102,113.03768314621205,117.10886008071061,6.572973344601799,-9.662192241410436,23.633231948070197,99.73305560603747,0.4189000099963621,-4.071176934498567,16.235165586012236,-6.112401486822785,14.741902852188664
9.868999999999687,113.48349575642658,117.10886008071061,7.077467608508038,-9.662192241410436,23.65547739638043,100.0000009857603,0.4189000099960384,-3.6253643242840354,16.739659849918475,-6.310278562963592,14.92375569861178
9.893000000000029,113.67112719984657,117.10886008071061,7.296768624613989,-9.662192241410436,23.655477396751273,100.00000099021038,0.4189000099958907,-3.437732880864047,16.958960866024427,-6.397887843147009,15.000444310116341
9.899999999999636,113.7254544023271,118.24637962890044,7.361077597491746,-10.086180405178943,23.545727427037264,100.00000099474164,0.418900009996702,-4.52092522657334,17.44725800267069,-6.518421456195911,14.478776380693759
9.951999999999316,114.12323458531324,119.11602177064813,7.843663378629492,-10.355959890244957,23.45490069401808,100.00000099648969,0.41890000999398486,-4.99278718533489,18.199623268874447,-6.991939386544803,13.510639847147544
9.982999999999265,114.355372105538,119.4069176974031,8.135406511648686,-10.43630553752788,23.420366599577804,100.0000009989048,0.4189000099975803,-5.051545591865107,18.57171204917657,-7.147427785228102,13.360771562995748
9.99499999999989,114.44419879733208,119.4069176974031,8.249144761392417,-10.43630553752788,23.420366599426497,100.0000009970891,0.4189000099931491,-4.962718900071025,18.685450298920298,-7.196020955649374,13.39811842967854
10.02599999999984,114.67093844752188,119.4069176974031,8.54503653777947,-10.43630553752788,23.420366599446883,100.00000099733373,0.41890000999265037,-4.735979249881225,18.981342075307353,-7.324014063348817,13.494084351578692
10.088999999999942,115.11922097535306,120.29375807484988,9.155471604098974,-10.63206855565502,23.58056237375999,100.0000009978888,0.41890000999492144,-5.174537099496817,19.787540159753995,-8.016519493304598,12.545367350885442
10.117999999999483,115.3197350561022,122.09748421919855,9.44052606876725,-10.965115654278275,23.564441073935043,100.0000009981726,0.4189000099915481,-6.777749163096345,20.405641723045527,-8.234912510360044,11.984375953297423
10.182999999999993,115.75520327148537,122.09748421919855,10.088616599702753,-10.965115654278275,23.564441073948675,100.00000099833615,0.4189000099899044,-6.342280947713178,21.05373225398103,-8.536846807846977,12.17857141671311
10.204999999999927,115.8980829828968,122.7007183477405,10.310816046001861,-11.039691486630483,23.57641951353935,100.00000099842481,0.41890000998968324,-6.8026353648437095,21.350507532632342,-8.739245647537647,11.509373099201436
10.251999999999498,116.19541805569193,123.00501613884357,10.79028047598343,-11.06629044363839,23.627897913161583,100.00000099849959,0.4189000099727516,-6.809598083151641,21.85657091962182,-9.033375925818262,11.524249533948058
10.274999999999636,116.33690543650172,123.6123622892832,11.027258962239479,-11.09650929066093,23.497031281591653,100.00000099857483,0.41890000997270654,-7.275456852781474,22.12376825290041,-9.057602449178793,10.960759209007804
10.295999999999367,116.46373247190216,124.82071657959405,11.244966704191427,-11.116688522355453,23.50155338424742,100.00000099868626,0.41890000999263083,-8.356984107691886,22.36165522654688,-9.182970806762455,10.409097798046162
10.326999999999316,116.64676690383821,124.82071657959405,11.568660098229486,-11.116688522355453,23.501553384250386,100.00000099872184,0.41890000999214416,-8.173949675755836,22.68534862058494,-9.345377970399543,10.497857837681677
10.378999999999905,116.94230721465887,126.03457174111605,12.11777123866013,-11.127700671540257,23.517381135171497,100.0000009987698,0.41792107939302237,-9.092264526457186,23.245471910200386,-9.640450455311633,10.447493295730037
10.39599999999973,117.03573328313837,126.03457174111605,12.298942125485581,-11.127700671540257,23.517381135172805,100.00000099878554,0.4169552209380172,-8.998838457977683,23.42664279702584,-9.734266088887757,10.49516519100711
10.46099999999933,117.37823677430303,126.63922169528053,12.998991147254682,-11.108318380272909,23.437233183107892,100.00000099884399,0.3991538550458986,-9.260984920977492,24.10730952752759,-9.987805146277719,10.078736623996315
10.462999999999738,117.38841889592604,127.24416960044326,13.020706606640962,-11.055487246374842,23.736906367577667,100.00000099883086,0.38927150721118847,-9.85575070451722,24.076193853015802,-10.24932494972444,9.411902518362828
10.492999999999483,117.53878716481636,127.24416960044326,13.347592582711979,-11.055487246374842,23.736906367579657,100.00000099885474,0.38760532791295765,-9.705382435626902,24.40307982908682,-10.39489557802287,9.482878195913505
10.524999999999636,117.69456222531224,127.84923272233962,13.698512718326782,-10.971608155466598,23.582168270671836,100.0000009988936,0.3826750088202017,-10.154670497027382,24.67012087379338,-10.287674981748491,8.773068738953944
10.558999999999287,117.85530185593902,128.74591913243603,14.073657949309844,-10.810987715162423,23.557177236603174,100.00000099891996,0.3927458039811091,-10.89061727649701,24.884645664472266,-10.227637023429903,7.884353323649652
10.601999999999862,118.05230760165024,128.74591913243603,14.551081765891686,-10.810987715162423,23.55717723660404,100.00000099893033,0.3904228062470668,-10.693611530785788,25.362069481054107,-10.380810683404452,7.956257013112744
10.648999999999432,118.26071376426077,129.33984756629079,15.07612646255929,-10.672888822218752,23.63476664809235,100.00000099895266,0.41053998744979825,-11.079133802030015,25.749015284778043,-10.50958070354076,7.617747357510037
10.692000000000007,118.4461235027648,129.9385605990952,15.558843332086349,-10.542212063757473,23.68870035719679,100.0000009989622,0.4080260986538769,-11.492437096330406,26.101055395843822,-10.779966534859524,8.159561755656314
10.722999999999956,118.5772605878193,129.9385605990952,15.907930477760234,-10.542212063757473,23.688700357252078,100.00000099962564,0.4065225946062137,-11.361300011275915,26.450142541517707,-10.842456495303885,8.185364399072515
10.76299999999992,118.74355302624826,130.53776231528335,16.359516176968636,-10.41097300719864,23.640398828524347,100.00000099962642,0.385113807547444,-11.79420928903508,26.770489184167275,-10.798975353081788,7.852822922744934
10.77599999999984,118.79683110718098,131.7214004577763,16.506564285000195,-10.094805528061244,23.76009644539233,100.0000009996326,0.3368825755155106,-12.92456935059532,26.60136981306144,-10.719556637045695,6.972658520038733
10.795999999999367,118.87799938860438,131.7214004577763,16.7330712843987,-10.094805528061244,23.760096445338956,100.00000099899215,0.33586295325351095,-12.843401069171918,26.827876812459944,-10.769021808935936,6.989692238263624
10.844000000000051,119.06853514522287,132.3083672857779,17.27810405026498,-9.9122642599244,23.367163133217424,100.00000099905022,0.30881365218193735,-13.239832140555038,27.190368310189378,-10.175318925615255,6.101058156855104
10.878999999999905,119.2032957039978,133.0948669787541,17.676827912311154,-9.50572089145818,23.21917570962174,100.00000099900848,0.36794126019645096,-13.891571274756316,27.182548803769336,-9.013472348104955,3.825707468970937
10.917999999999665,119.34887473020197,133.0948669787541,18.12246691654452,-9.50572089145818,23.219175709622384,100.00000099901618,0.3660331050350539,-13.745992248552142,27.6281878080027,-9.142624184695002,3.862722203909299
10.966999999999643,119.52427452829635,133.88117609615398,18.684461770002464,-9.05328462280649,23.6163387436792,100.0000009990509,0.41890000999197446,-14.356901567857633,27.737746392808955,-9.897611554430718,4.120014331216444
10.988999999999578,119.60009198471184,134.4192320129813,18.93756785766921,-8.76373906906834,23.583721317285264,100.00000099911908,0.418900009997637,-14.819140028269459,27.70130692673755,-10.087997394344887,4.404849917333312
11.019999999999527,119.70367394922401,134.4192320129813,19.295056192953446,-8.76373906906834,23.58372131728551,100.00000099912201,0.41890000999759175,-14.715558063757285,28.058795262021786,-10.210247286554788,4.436218883771415
11.042999999999665,119.7781222070559,134.6971802550925,19.56090515184154,-8.614892357598201,24.13781102675059,100.00000099970514,0.4189000099994016,-14.91905804803659,28.17579750943974,-10.80311387838043,4.229958171921805
11.067000000000007,119.85371659216098,135.262901056957,19.838847232991014,-8.363347809925962,23.358977011111836,100.0000009990607,0.41890000999889726,-15.409184464796013,28.202195042916976,-10.980389597844194,6.364170716635776
11.096999999999753,119.94533913267682,136.2803135978223,20.187007037281088,-8.397103942055121,22.280628691479954,100.00000099906936,0.41890000999077776,-16.33497446514548,28.58411097933621,-10.544978868450613,14.93346725326993
11.147999999999229,120.09423336164167,136.2803135978223,20.780623155636697,-8.397103942055121,22.280628691480466,100.0000009990755,0.4189000099899522,-16.18608023618063,29.177727097691818,-10.70850072652408,14.974934818214184
11.170999999999367,120.15874006735189,136.83862812502016,21.049001070390876,-8.490667264182028,22.41697185837297,100.00000099924111,0.25994147896854225,-16.67988805766828,29.5396683345729,-11.233498661855084,13.170616851184247
11.203999999999724,120.24863287194266,137.1167873867931,21.434735159930504,-8.51612212683747,22.24645333379504,100.00000099920467,0.16977622774277293,-16.868154514850445,29.950857286767974,-11.191029324928952,12.801290950862583
11.238999999999578,120.34077561405063,137.39554880781003,21.84464883623107,-8.535656152280355,22.42780045510888,100.00000099966427,0.07519854807031666,-17.054773193759402,30.380304988511426,-11.482940094650512,12.53480782730507
11.261999999999716,120.39966180105145,137.39554880781003,22.11443578972533,-8.535656152280355,22.427800455108944,100.00000099966502,0.07399549709813395,-16.99588700675858,30.650091942005687,-11.538095200747383,12.548516678374167
11.305999999999585,120.50895108493255,137.39554880781003,22.63138216406207,-8.535656152280355,22.427800455109065,100.00000099966647,0.0717365946514717,-16.886597722877482,31.167038316342428,-11.634302437911925,12.572238345744077
11.322000000000116,120.54768150278687,138.53347609395308,22.819611150833786,-8.469265881054767,21.68575216312344,100.00000099919185,-0.31516240277024266,-17.98579459116621,31.288877031888553,-10.692238725676715,9.169254250689571
11.34099999999944,120.59302872643586,139.204110877818,23.043290354798724,-8.322100693873148,17.945849974785688,100.00000099902421,-0.41890000999794386,-18.61108215138215,31.365391048671874,-7.125646568184443,10.27593795620425
11.407999999999447,120.74796601894535,139.204110877818,23.83325031112436,-8.322100693873148,17.94584997483767,100.00000099964804,-0.4189000099992653,-18.456144858872662,32.155351004997506,-7.233853987424556,10.3017742000527
11.420999999999367,120.77723953657173,139.9401064580772,23.9867129702992,-8.359919329820173,16.505550116027038,100.00000099690982,0.41890000999752414,-19.16286692150547,32.346632300119374,-5.713073308455783,9.939946551764596
11.46099999999933,120.86597141575984,139.9401064580772,24.459214647437808,-8.359919329820173,16.505550116025184,100.00000099688755,0.4189000099975179,-19.07413504231735,32.81913397725798,-5.760876844019748,9.950856459420802
11.506999999999607,120.96592396546112,140.2552760400224,25.00305734580473,-8.291880918523239,15.963635306576846,100.00000099865754,0.41890000999792715,-19.289352074561293,33.29493826432797,-5.382640305549513,10.627234654622718
11.534999999999854,121.02591893872403,140.56128314388084,25.334269158862604,-8.278351199700722,16.70417492482227,100.00000099895676,0.41890000999745536,-19.53536420515681,33.612620358563326,-6.2330109416699315,12.102413861258952
11.547999999999774,121.05360487688469,140.7414498818334,25.48807855570224,-8.284338186441081,18.021435625427863,100.00000099966444,0.41890000999892196,-19.687845004948713,33.77241674214332,-7.560204105749689,12.017007823677448
11.578999999999724,121.11929699286766,140.7414498818334,25.854910058234797,-8.284338186441081,18.02143562542797,100.00000099966572,0.4189000099989144,-19.622152888965744,34.139248244675876,-7.573433855747046,12.019070665047925
11.600999999999658,121.16569497658504,141.17389715128866,26.115274199127416,-8.263783583357071,20.058467464250295,100.00000099929912,0.32201234351056457,-20.008202174703612,34.37905778248449,-9.52739380914238,10.36528534477571
11.661000000000058,121.29146765925935,142.0464331526098,26.825457870417136,-8.007936364454338,18.129913879385057,100.00000099930051,-0.39048723249519984,-20.754965493350454,34.83339423487148,-6.819168281751809,7.758917283949252
11.673999999999978,121.31859297992959,142.35579996205922,26.979345969750632,-7.863253412615348,15.801129272054986,100.00000099914939,-0.41890000999468074,-21.037206982129632,34.84259938236598,-4.770552728484413,8.876589866145661
11.713999999999942,121.40183590670493,142.62685818294264,27.452869626604077,-7.76552092936088,15.626006162942465,100.00000099897112,-0.4189000099967158,-21.22502227623771,35.21839055596496,-4.869431676031859,9.619459119462878
11.755999999999403,121.48896676146782,142.62685818294264,27.950089336163998,-7.76552092936088,15.626006162997115,100.00000099962692,-0.4189000099988163,-21.13789142147482,35.71561026552488,-4.874828035147303,9.619698102196967
11.765999999999622,121.5096828633778,142.76713639351553,28.068475659856603,-7.7183478571591015,15.779363121309201,100.00000099958932,-0.4189000099991762,-21.257453530137724,35.786823517015705,-4.94915356469653,9.35702438029023
11.80199999999968,121.5842042035676,143.1574020122842,28.49466156245471,-7.566015765650309,14.711555014242187,100.00000099854954,0.41890000999735766,-21.5731978087166,36.060677328105015,-3.9499011572717184,9.728378076183578
11.832999999999629,121.64834468611637,143.40455692844674,28.86164133098252,-7.504852681041849,15.046518602567954,100.00000099891481,0.4189000099964156,-21.756212242330363,36.36649401202437,-4.5734641580484725,10.866656324606303
11.893999999999323,121.77465499026543,143.40455692844674,29.58369112660405,-7.504852681041849,15.046518602625866,100.00000099960977,0.4189000099986903,-21.629901938181305,37.0885438076459,-4.569432080576318,10.864737887777341
11.918999999999869,121.8265226364937,143.70497029194067,29.879573626678958,-7.476525949504715,16.839377745360213,100.00000099915447,0.4189000099952865,-21.878447655446962,37.356099576183674,-6.406105092283059,11.20271122098325
11.931999999999789,121.85352943226015,143.70497029194067,30.03342110015667,-7.476525949504715,16.839377745360327,100.00000099915583,0.4189000099952713,-21.851440859680523,37.509947049661385,-6.404023022089813,11.20207038598311
11.951000000000022,121.89305347277327,144.7219523886708,30.258259346760564,-7.293862255452425,19.44068279626638,100.00000099920236,0.08634603959095762,-22.82889891589751,37.55212160221299,-8.50969499941199,8.488066408626953
12.028999999999542,122.05617393457159,145.12654819096284,31.181043515056516,-7.148559146611612,18.64778035229864,100.00000099932367,-0.21099453856484743,-23.070374256391247,38.329602661668126,-7.496513183130545,8.05227783192407
12.05199999999968,122.10460917084971,145.12654819096284,31.453060709472602,-7.148559146611612,18.647780352298852,100.00000099932619,-0.21228789440933957,-23.021939020113123,38.60161985608421,-7.488829310748642,8.050379028586578
12.0649999999996,122.13206669073588,145.49536636578938,31.60678968800217,-7.0027637896942645,17.934547210505137,100.00000099973954,-0.4189000099885425,-23.363299675053497,38.60955347769644,-6.820915342502877,8.311632549871408
12.10399999999936,122.21482921777894,145.67204153799742,32.067883186341525,-6.933561651711027,17.704568895964222,100.00000099921607,-0.4189000099933109,-23.457212320218474,39.00144483805255,-6.5870764614417,8.381443127575519
12.140999999999622,122.29395037062434,145.84362152978005,32.50518945625489,-6.864946345070534,17.408759713711945,100.00000099969505,-0.4189000099984993,-23.549671159155707,39.370135801325425,-6.249252747519513,8.372651745767781
12.201000000000022,122.42365653194526,146.58490488825225,33.21401447536228,-6.611451389803781,16.50386868321941,100.00000099892613,0.41890000999811144,-24.161248356307,39.825465865166066,-5.9781368751088495,11.284769147691199
12.268000000000029,122.57017466282376,146.9182086543312,34.005161144350026,-6.586249958596323,16.700562574837235,100.00000099875027,0.4189000099980602,-24.34803399150745,40.59141110294635,-6.121841652360841,10.899955627923225
12.295999999999367,122.63174219775563,147.24983305701107,34.3357180487116,-6.554559192341798,16.637563740377587,100.00000099863014,0.4189000099979778,-24.618090859255446,40.8902772410534,-6.075729108991412,11.13168905732529
12.313999999999396,122.67138269715217,147.5597357063022,34.54820705289779,-6.530110509096043,-2.0246679249566153,-100.0000009992553,0.12601789214930387,-24.888353009150038,41.07831756199383,-4.0680749974159305,11.118964454297425
12.377999999999702,122.81244897873191,147.80674666712628,35.30371270880751,-6.528062091136867,14.57653025431412,100.00000099876091,0.4189000099973574,-24.99429768839437,41.83177479994438,-4.006674358806458,12.449157045859641
12.398999999999432,122.85869293729994,147.80674666712628,35.551629761475624,-6.528062091136867,14.576530254314187,100.00000099876172,0.4189000099973575,-24.94805372982634,42.07969185261249,-4.009143852631341,12.449900943453565
12.438999999999396,122.9465762552818,148.06918459550863,36.023909639391874,-6.575524419948731,15.592873955867148,100.00000099885398,0.41890000999782445,-25.122608340226833,42.5994340593406,-4.876468812841321,13.45991649916045
12.451999999999316,122.9750582230569,148.38324020421288,36.17742230613879,-6.646035372026117,17.01220376514877,100.00000099966674,0.4189000099990066,-25.408181981155977,42.82345767816491,-6.368425479723242,13.25542933753491
12.485999999999876,123.04929934704381,148.38324020421288,36.57898291449323,-6.646035372026117,17.012203765148854,100.00000099966772,0.4189000099990018,-25.33394085716907,43.22501828651935,-6.380015546721867,13.25846338720751
12.542999999999665,123.17270105536662,148.93778556410376,37.25246139552846,-6.695391947845304,17.9335905793466,100.00000099934034,0.40868498991153446,-25.765084508737147,43.94785334337376,-7.449299569793427,11.780990309587068
12.582999999999629,123.25826988015376,149.25049340871672,37.72533942418774,-6.576776907454944,12.574617254846292,100.00000099975753,0.41890000999621085,-25.99222352856296,44.30211633164268,0.7878562156316795,7.800695629959635
12.60399999999936,123.3027839256745,149.28342146393706,37.97370356755553,-6.491106268295059,13.25493704987693,100.00000099919306,0.41890000999250254,-25.980637538262556,44.46480983585059,0.12764696817640542,7.325043400657112
12.63000000000011,123.35745676198346,149.3308730352969,38.281312235776056,-6.397835316493897,13.860210823166982,100.000000999061,0.4189000099944961,-25.973416273313433,44.67914755226995,-0.6850271665726435,7.05555018790454
12.644999999999527,123.38875982705189,149.39494013558604,38.45883849875179,-6.301461662705986,14.361032361675893,100.00000099893941,0.41890000999590343,-26.006180308534155,44.76030016145778,-1.5493256762861627,7.024577618721924
12.675999999999476,123.45285095134808,149.57184723084015,38.82587619200974,-6.119105921345148,14.881148147216958,100.00000099856338,0.4189000099973682,-26.118996279492066,44.94498211335488,-3.0395242198872547,7.728402505360914
12.726999999999862,123.55633913621858,149.57184723084015,39.430197284500046,-6.119105921345148,14.881148147217061,100.00000099856459,0.4189000099973672,-26.015508094621566,45.54930320584519,-3.0899228031241153,7.7409193490708885
12.768000000000029,123.63758275985205,149.7930145637454,39.916504398799844,-5.978312018899398,-1.8528042761433792,-100.00000099927227,0.08381750955567219,-26.15543180389335,45.894816417699246,-3.856461236739561,9.008316357414554
12.781999999999243,123.66491889640368,149.7930145637454,40.08265558570084,-5.978312018899398,-1.8528042761434165,-100.00000099927271,0.08265245476327548,-26.128095667341725,46.060967604600236,-3.8708824617300834,9.01155362752867
12.828999999999724,123.75525640947379,150.30383760978532,40.6407528142736,-5.845527614886203,11.944663120218655,100.00000099885261,-0.4189000099920087,-26.54858120031153,46.4862804291598,-1.6845548393835066,11.43409681530171
12.846999999999753,123.78929141565047,150.50322821476735,40.854600864782626,-5.757969312980708,11.369998471084388,100.00000099946874,-0.4189000099838516,-26.71393679911688,46.61257017776333,-0.42515111822850593,9.908045610950222
12.86999999999989,123.83234816094492,150.50322821476735,41.12792490565683,-5.757969312980708,11.369998471084267,100.0000009994673,-0.4189000099839026,-26.67088005382243,46.88589421863754,-0.4459031447814037,9.911415735172593
12.914999999999964,123.91525241379969,150.60623177714595,41.66288453397253,-5.678198069157389,11.665113071222002,100.0000009993292,-0.3434963082709782,-26.69097936334626,47.34108260312992,-0.90641006724389,9.98016731910764
12.956000000000131,123.98934282924444,150.67957722761682,42.15045269605365,-5.608013803861946,10.310518774814035,100.00000099937026,0.4189000099393774,-26.690234398372382,47.75846649991559,1.0320012715302418,10.067553061110196
12.978000000000065,124.02856839679265,150.69412919737346,42.41211267052931,-5.568237048555109,10.641823480129078,100.00000099938107,0.4189000099820859,-26.665560800580806,47.98034971908442,1.0583710494337364,9.699536911535045
13.01299999999992,124.09025857619224,150.71166309473116,42.82841185416702,-5.52247843464383,10.971157440640283,100.00000099915412,0.4189000099863235,-26.621404518538924,48.35089028881085,0.7060566068393099,9.472093240807062
13.041999999999462,124.14074890437657,150.71166309473116,43.17333919294302,-5.52247843464383,10.97115744064056,100.00000099915745,0.41890000998630844,-26.5709141903546,48.69581762758685,0.6872644435464266,9.47141576708919
