N:5,future:0.5,qx:11.0,qy:11.0,q_yaw:5.0,q_vel:1.0,r_acc:0.001,r_steer:0.001,u_steer:0.8,u_acc:0.8


time,x_ref,x_pos,y_ref,y_pos,speed,acc,phi,x_err,y_err,x_dot_err,y_dot_err
0.0,0.0,0.0,0.0,0.0,5.885974424603116,58.85974424603116,-1.2620571726235918e-07,0.0,0.0,12.017011242747685,0.00021202602600907467
0.016000000000531145,0.19227225042731813,0.0,1.5762960009988278e-06,0.0,5.940554657953971,59.4055465795397,-1.3406332193773445e-07,0.19227225042731813,1.5762960009988278e-06,12.017019843627034,-1.3244089479102158e-05
0.023000000000138243,0.276391401214989,0.0,1.1489962541438773e-06,0.0,5.964433172387546,59.64433172387545,-1.3814172730404572e-07,0.276391401214989,1.1489962541438773e-06,12.017023198523535,-0.00010850756075132299
0.05200000000058935,0.6248852474506362,0.0,-7.493906462231627e-06,0.0,6.06335872572861,60.633587257286095,-1.5488492705572466e-07,0.6248852474506362,-7.493906462231627e-06,12.017034451792306,-0.0004818223067827489
0.08899999999994179,1.0695157340734534,0.0,-3.341847885714919e-05,0.0,6.189573538180462,61.89573538180462,-1.703417717633697e-07,1.0695157340734534,-3.341847885714919e-05,12.017046782892857,-0.0009120738899108656
0.10800000000017462,1.2978396964574077,0.0,-5.269927784122252e-05,0.0,6.254385950150944,62.54385950150943,-1.8049883880128684e-07,1.2978396964574077,-5.269927784122252e-05,12.0170542499984,-0.001115201805622896
0.1289999999999054,1.5501979050846997,0.0006925522361018732,-7.833745683661104e-05,8.993102176086193e-07,6.325832746129002,63.25817048992863,-4.7075821600571105e-05,1.5495053528485978,-7.923676705421966e-05,12.017044783895642,-0.0013233625455286752
0.13300000000072032,1.5982661488340808,0.0006928421553427933,-8.370849849652117e-05,8.996445145686642e-07,6.339477360962659,63.394616639641924,-4.781958624742906e-05,1.597573306678738,-8.460814301108983e-05,12.017045686018996,-0.001361246261520369
0.1610000000000582,1.9347439307451328,0.0006928421553427933,-0.0001253863506223091,8.996445145686642e-07,6.434989091901098,64.34973394902632,-5.301898242088833e-05,1.9340510885897901,-0.00012628599513687778,12.01704993975742,-0.0016101846262696045
0.19100000000071304,2.2952560207104904,0.0006934219848619416,-0.0001773116694563717,9.003132323698988e-07,6.537321811175837,65.37306114453999,-5.852503165106461e-05,2.2945625987256286,-0.00017821198268874158,12.017058431046546,-0.0018451705850999684
0.19900000000052387,2.391392618514201,0.0006934219848619416,-0.00019230583885526068,9.003132323698988e-07,6.564610834448547,65.64595137726708,-5.997301340422947e-05,2.390699196529339,-0.00019320615208763057,12.017059435404658,-0.0019021514536869163
0.20499999999992724,2.463495069480616,0.0007976908238213343,-0.000203845301362836,-2.702472131053378e-06,6.621605877681036,65.53237177939226,-0.007525045196167703,2.4626973786567947,-0.00020114282923178262,11.948733895122073,-4.3676943441743e-06
0.20499999999992724,2.463495069480616,0.009181730970412139,-0.000203845301362836,-2.2509405401792747e-05,6.975932126387234,62.40621734807952,-0.0015423582825320574,2.454313338510204,-0.00018133589596104326,11.281764796913071,-0.0015516269550191395
0.23400000000037835,2.811990202302597,0.028637197726627178,-0.0002629061499323226,-8.02074632245606e-06,7.25523996357081,61.7233118564657,0.009438103872589924,2.78335300457597,-0.00025488540360986655,10.93416901542834,-0.005210952885425261
0.2830000000003565,3.400826930978652,0.054758171533082545,-0.0003732481933014909,-0.00019328814934841017,7.706551401285701,60.78457907044033,-0.0061323167745240634,3.3460687594455694,-0.0001799600439530807,10.389440150627129,-0.041006361849183805
0.3029999999998836,3.6411684124206833,0.09248858495505838,-0.0004212368267124626,1.0741812931643318e-05,7.943479185345039,59.79933050320138,-0.023589535278658168,3.548679827465625,-0.00043197863964410593,10.053631254503312,-0.022633814883859894
0.30600000000049477,3.6772196327354565,0.09248858495505838,-0.0004285547938164923,1.0741812931643318e-05,7.9537121772323065,59.90166042207405,-0.023586314581240546,3.584731047780398,-0.0004392966067481356,10.0536311352677,-0.022643532025722505
0.34799999999995634,4.181936575974305,0.1360939530081621,-0.0005335437105046575,0.000802154293562988,8.402741234190069,58.44361052244983,-0.022700813038396533,4.045842622966143,-0.0013356980040676455,9.459035567060537,-0.04486490146459219
0.38100000000031287,4.57849968482766,0.1360939530081621,-0.0006181620177051986,0.000802154293562988,8.515301429033347,59.56921247088261,-0.02265485445762816,4.442405731819498,-0.0014203163112681866,9.459031531913007,-0.04489804797734903
0.3960000000006403,4.758755576554481,0.1360939530081621,-0.0006568448984856946,0.000802154293562988,8.566465418697963,60.08085236752878,-0.022634805593674538,4.622661623546319,-0.0014589991920486824,9.459026717111412,-0.04489955343623463
0.4140000000006694,4.9750625397376185,0.3279934045257449,-0.0007032070799505991,0.004569788756944873,9.33738504371852,53.505887572001996,-0.021265345356173446,4.647069135211874,-0.005272995836895472,8.031466741002003,-0.10089948228833669
0.43100000000049477,5.17935234527912,0.3279934045257449,-0.0007467781853721136,0.004569788756944873,9.395369576694158,54.08573290175837,-0.021228168551138862,4.851358940753375,-0.005316566942316987,8.031461017825006,-0.10088228982841255
0.44900000000052387,5.395659093375131,0.7128141460372147,-0.0007924864411858355,0.01598994685885683,10.272211890209897,45.56669521042748,-0.022463709868551056,4.682844947337916,-0.016782433300042667,6.3048146185827445,-0.19725894730127427
0.47699999999986176,5.732136031247743,0.7128141460372147,-0.000862166610000615,0.01598994685885683,10.367714477529976,46.521721083628265,-0.022356610022448667,5.019321885210528,-0.016852113468857444,6.304803772759911,-0.1971852761518465
0.4780000000000655,5.744153058736623,0.9548684019072324,-0.0008646142303245137,0.025119084744628033,10.741599947242348,42.050424919352196,-0.02322942691785976,4.789284656829391,-0.025983698974952545,5.48578443705716,-0.265980988398876
0.5410000000001673,6.501224825573984,1.2303626371300076,-0.001011068049246193,0.0368163033214832,11.339415956909809,39.40822686101326,-0.023174608018965207,5.270862188443976,-0.0378273713707294,4.625468159319883,-0.32546005156995356
0.5600000000004002,6.729547599549724,1.2303626371300076,-0.0010514597895819426,0.0368163033214832,11.40421782038395,40.05624549575468,-0.023074991287578738,5.499184962419716,-0.03786776311106514,4.625454424880855,-0.3253487272659856
0.566000000000713,6.801649478100102,1.2303626371300076,-0.001063763606066951,0.0368163033214832,11.424681465957018,40.260881951485366,-0.023044563134987577,5.571286840970094,-0.03788006692755015,4.625450982470957,-0.3253113142119168
0.5839999999998327,7.017955007232136,1.5394716086463507,-0.0010992830827338748,0.05122415336716215,11.784558619547083,36.640472983305614,-0.023712148447816658,5.4784833985857855,-0.052323436449896024,3.905911345339163,-0.3936219847279367
0.61200000000008,7.354429921217756,1.8824368915228056,-0.0011499915969673583,0.06868008119421201,12.290203810633598,32.211348206695455,-0.023927548296114955,5.47199302969495,-0.06983007279117937,2.96086066459152,-0.4867138022798005
0.6280000000006112,7.546701040967974,1.8824368915228056,-0.001176208687262746,0.06868008119421201,12.344769343923364,32.75700353959313,-0.02381357699728286,5.664264149445168,-0.06985628988147476,2.960847862062252,-0.4865812081284142
0.6570000000001528,7.895191908977041,2.258415139195321,-0.0012180278202309966,0.0895516592272224,12.686360847100362,29.643923029393747,-0.024842510826125225,5.63677676978172,-0.09076968704745339,2.3109222382092103,-0.5584250184813961
0.6790000000000873,8.159563857722418,2.258415139195321,-0.0012444262013499331,0.0895516592272224,12.7613833911807,30.394148470197138,-0.024666123086656794,5.9011487185270965,-0.09079608542857233,2.310906016101818,-0.5582062861274147
0.7000000000007276,8.411918556704165,2.258415139195321,-0.001264963372297486,0.0895516592272224,12.832995830992097,31.11027286831109,-0.024507130544378662,6.153503417508844,-0.09081662259951989,2.3108893004931783,-0.5579812052285649
0.7260000000005675,8.724357165510678,2.8784058437173488,-0.0012835502650407854,0.12671390070752916,13.358896491869208,24.91147613948346,-0.02520036143395611,5.845951321793329,-0.12799745097256995,1.1699817682688014,-0.6738262522474698
0.76299999999992,9.168980137609367,3.325548067298277,-0.0012956826302265969,0.15502540470321538,13.72852018309641,21.689160271615883,-0.025594200189752954,5.84343207031109,-0.15632108733344197,0.4810945727932392,-0.7426979439555954
0.7880000000004657,9.46940035963574,3.7985431392345026,-0.001293583551327552,0.18550623348077397,14.00178164125033,18.402724716325324,-0.025719488408668462,5.6708572204012375,-0.18679981703210152,-0.1192560350318228,-0.786221766868924
0.7910000000001673,9.50545074166997,3.7985431392345026,-0.0012927406878783434,0.18550623348077397,14.012007918724574,18.50498749106776,-0.025681755200633576,5.706907602435467,-0.18679897416865232,-0.11925948828656452,-0.7861785593740472
0.8270000000002256,9.938054528881135,4.04328963228655,-0.0012721849222897667,0.2012431316981003,14.172874657812894,18.104403152948418,-0.02533577907308136,5.894764896594586,-0.20251531662039005,-0.32056691825539296,-0.7867762848968679
0.8460000000004584,10.166372617205386,4.04328963228655,-0.0012532046337876254,0.2012431316981003,14.237638276391564,18.75203933873512,-0.025103408370535027,6.123082984918836,-0.2024963363318879,-0.32058728936213043,-0.786471180969054
0.8580000000001746,10.310573316758338,4.294037657076888,-0.0012381871658812757,0.2171943607290301,14.39939585796628,16.783553902250574,-0.02514403888697683,6.01653565968145,-0.21843254789491137,-0.6792575460552008,-0.7968140368618115
0.8760000000002037,10.526874045900485,4.294037657076888,-0.001211094358747804,0.2171943607290301,14.460747325169468,17.397068574282454,-0.024919989463402265,6.232836388823596,-0.2184054550877779,-0.6792804483158168,-0.7965043331865315
0.9009999999998399,10.82729100283652,4.8084706921343825,-0.0011639723583061075,0.24796571090527084,14.596784172653166,15.077884088108108,-0.022369234448233934,6.018820310702137,-0.24912968326357696,-1.0538574758837012,-0.6931091449922179
0.9239999999999782,11.103673905894732,4.8084706921343825,-0.0011104184121815575,0.24796571090527084,14.67516919362123,15.861734297788747,-0.022072385939059243,6.29520321376035,-0.2490761293174524,-1.053885576612215,-0.6926742220531334
0.9440000000004147,11.344006319082958,5.341282892209508,-0.001055570371129918,0.2745693103189807,14.82973679294904,12.967723673788571,-0.020670971163619205,6.00272342687345,-0.2756248806901106,-1.501618040560471,-0.6284991527473645
0.9769999999998618,11.740553572689326,5.341282892209508,-0.0009474684718055709,0.2745693103189807,14.942190032768172,14.092256071979893,-0.0202322776881351,6.399270680479818,-0.27551677879078623,-1.5016659125972147,-0.6278199607742255
0.9949999999998909,11.956851408594622,5.341282892209508,-0.0008788602338898102,0.2745693103189807,15.003531534581647,14.705671090114636,-0.020008975263731927,6.615568516385114,-0.2754481705528705,-1.5016912024440163,-0.627432509309225
1.0169999999998254,12.221214825057901,6.161442793691311,-0.0007853690662931118,0.3081156698915734,15.00750345304437,11.723569455687517,-0.018010729883436837,6.05977203136659,-0.3089010389578665,-1.8100748417193842,-0.48234754660387225
1.0360000000000582,12.44952810633093,6.161442793691311,-0.0006958180192676859,0.3081156698915734,15.072240950928798,12.37094443453178,-0.01774583340301781,6.28808531263962,-0.3088114879108411,-1.8101048632545975,-0.48191060054725604
1.0640000000003056,12.78598872976883,7.287083708850481,-0.0005484068507649122,0.3385310181738625,15.090527593501335,8.0248970380323,-0.014511926463676245,5.4989050209183485,-0.3390794250246274,-2.269154235527333,-0.2592555683294243
1.0700000000006185,12.858087272576812,7.287083708850481,-0.0005143574718159714,0.3385310181738625,15.11096712707434,8.229292373762357,-0.01441402242259565,5.571003563726331,-0.3390453756456785,-2.2691639056607826,-0.2591086512154848
1.1019999999998618,13.242611813993905,7.862232545366664,-0.00031765285880853327,0.34628094947316207,15.121533941367781,7.124032568263476,-0.012511444760651731,5.380379268627241,-0.3465986023319706,-2.3921193563958933,-0.12998832589046766
1.1460000000006403,13.77133025326983,7.862232545366664,-3.9247318097954744e-06,0.34628094947316207,15.271428611308297,8.622979267668617,-0.011822918525475266,5.909097707903166,-0.34628487420497184,-2.3921920247626574,-0.1288191855811971
1.167000000000371,14.023671992571117,8.439074390236621,0.00016427898786053406,0.349530888754303,15.202354735831268,7.499870498142632,-0.009993573263811,5.584597602334496,-0.34936660976644246,-2.4361048787713138,-0.007343357334782611
1.1779999999998836,14.155850676024956,8.439074390236621,0.00025729915102692095,0.349530888754303,15.239817010216727,7.874493241997237,-0.009826611731693564,5.716776285788335,-0.3492735896032761,-2.4361258136487045,-0.007032738566598045
1.2250000000003638,14.72061151236872,8.439074390236621,0.0006941949531161719,0.349530888754303,15.399817384036174,9.4744969801917,-0.0091775882212187,6.281537122132098,-0.3488366938011868,-2.436215500299273,-0.005650813452812308
1.2440000000005966,14.948917912287657,8.439074390236621,0.0008895628776926466,0.349530888754303,15.464474293571381,10.121066075543785,-0.008944023042814263,6.509843522051035,-0.34864132587661034,-2.43625021208285,-0.005072217229433382
1.25,15.02101453289759,8.728615324535236,0.0009535529295880737,0.3492216484708622,15.425950248119216,9.301023782792461,-0.008109913787453106,6.292399208362355,-0.3482680955412741,-2.4796969269568034,0.05001388552514302
1.298000000000684,15.59778485175378,9.89440959242895,0.00150642579046209,0.33706159675176306,15.345597753473493,6.864448904855045,-0.004326177988682137,5.7033752593248295,-0.335555170961301,-2.6406564145818123,0.2828863906586659
1.3020000000005894,15.64584883154867,9.89440959242895,0.001555856921504939,0.33706159675176306,15.359204919053248,7.00052056065258,-0.004279838258311418,5.751439239119721,-0.3355057398302581,-2.640664047445693,0.2830174500763791
1.3200000000006185,15.862136355938793,11.06758026481763,0.0017848402997991308,0.30689603183502806,15.161996676356223,3.630983990162975,-0.0005238166887926251,4.794556091121162,-0.3051111915352289,-2.774655481710024,0.5082250973777523
1.3630000000002838,16.378820366340484,11.659830605627842,0.002376504335202199,0.28512191268355047,15.154765108845929,3.284282190164693,0.0017953967388343423,4.718989760712642,-0.28274540834834827,-2.7984433353762466,0.6117155382130994
1.3870000000006257,16.66720041417004,12.250106964398922,0.0027347881887147467,0.25947882326483607,15.003992690298354,2.9886233866957648,0.003719167274154499,4.417093449771118,-0.2567440350761213,-2.674201100688462,0.6820469502130437
1.3900000000003274,16.7032478293534,12.250106964398922,0.002781026465309075,0.25947882326483607,15.014213869808854,3.090835181800756,0.0037377694450691588,4.453140864954479,-0.256697796799527,-2.6742081837333895,0.6821560962722806
1.4110000000000582,16.95557913225542,12.542837255004464,0.0031139225843689355,0.24574031746197855,14.954436590857718,3.394361465090745,0.004621407976070902,4.412741877250955,-0.24262639487760962,-2.5825240099051783,0.7152276594430821
1.4290000000000873,17.171862295151715,12.542837255004464,0.0034121213604238715,0.24574031746197855,15.015857419903824,4.008569755551808,0.004675651529288615,4.629025040147251,-0.24232819610155468,-2.5825643087749963,0.7158878184497988
1.47400000000016,17.712566981794016,12.834317020917995,0.004211891646252429,0.23139474618959152,15.065227839268406,4.908778324372443,0.005638750274735988,4.878249960876021,-0.22718285454333909,-2.5400930814282514,0.7557333252963803
1.5010000000002037,18.03698738090546,12.834317020917995,0.004727638120132412,0.23139474618959152,15.157902433427378,5.835524265962148,0.005533078935281921,5.202670359987467,-0.2266671080694591,-2.54016096144575,0.7567661298616299
1.5010000000002037,18.03698738090546,13.414802065311786,0.004727638120132412,0.19866508737906444,14.943687890131779,4.616910861049427,0.009146703369098341,4.622185315593676,-0.19393744925893203,-2.4387704484312813,0.9147689002561605
1.5050000000001091,18.08504951484138,13.414802065311786,0.0048067415739558245,0.19866508737906444,14.957441686686916,4.7544488266007985,0.009116157812224414,4.670247449529594,-0.1938583458051086,-2.4387785881619948,0.914993390933848
1.555000000000291,18.68582193742854,13.990015455685567,0.005809151893466054,0.16004196705983062,14.909303356961107,5.346128382802824,0.012272342464512191,4.695806481742972,-0.15423281516636456,-2.3219005829777597,1.0547980812469846
1.5730000000003201,18.902095324217967,13.990015455685567,0.006059926967299886,0.16004196705983062,14.97135264579393,5.966621271131036,0.011978912012239953,4.9120798685324,-0.15398204009253075,-2.322130049359549,1.0474730196220348
1.5910000000003492,19.11836372098928,14.852233667893609,0.006140000911564975,0.09219146578941352,14.819982552721687,3.8637018370997316,0.016743467969843072,4.2661300530956705,-0.08605146487784855,-2.3672878248890825,1.2175186619721274
1.6190000000005966,19.454767296834643,14.852233667893609,0.005753041625652141,0.09219146578941352,14.915916799112265,4.8230443010055115,0.016011435067870724,4.602533628941034,-0.08643842416376138,-2.3679797991480758,1.1916006923432723
1.6390000000001237,19.69504215859678,14.852233667893609,0.004964396711297518,0.09219146578941352,14.984290282285833,5.506779132741206,0.015455406557495579,4.842808490703172,-0.087227069078116,-2.3686097782647444,1.1670741107428053
1.6590000000005602,19.935303282466784,14.852233667893609,0.0036350381244988467,0.09219146578941352,15.05260138815364,6.1898901914192646,0.014871593673911323,5.083069614573175,-0.08855642766491467,-2.3693540940564297,1.1375354122805377
1.7049999999999272,20.48783924642662,15.99790884082672,-0.002018752533751325,-0.013495893261750675,14.860621627708303,4.69679401562343,0.019715786634837983,4.489930405599901,0.01147714072799935,-2.3111992878765886,1.2411522147327987
1.7290000000002692,20.77607591675777,17.14118947405759,-0.006720571911923139,-0.1254135665519412,14.594938399712817,2.4403157817820564,0.021430738794423976,3.6348864427001786,0.11869299464001805,-2.2771306100527937,1.135797918342728
1.730000000000473,20.78808505274758,17.14118947405759,-0.00694625435184979,-0.1254135665519412,14.59829177140379,2.4738494986917834,0.021369198144042378,3.646895578689989,0.11846731220009141,-2.277191006159926,1.1333138563090395
1.7660000000005311,21.220371429051447,17.427509507195367,-0.016826708279955287,-0.1526059418445547,14.641037091126217,2.8299249555853243,0.01943291329481003,3.7928619218560797,0.13577923356459942,-2.289090561781901,1.0104438925892567
1.7800000000006548,21.388458766888576,17.427509507195367,-0.021666360324505585,-0.1526059418445547,14.68770177525839,3.2965717969070583,0.018511895756734415,3.9609492596932085,0.13093958152004911,-2.290108658559838,0.9680438286897028
1.8209999999999127,21.880627385601453,17.71309911655887,-0.0394800052270302,-0.17839586742602453,14.720702668701538,4.034937173449221,0.015102929201110957,4.1675282690425846,0.13891586219899432,-2.2600188313203784,0.7457603130075515
1.842000000000553,22.13265871256185,18.281954336422725,-0.050912438260398415,-0.22547595885087096,14.565040314558352,3.6581279920488154,0.011744993943041944,3.8507043761391238,0.17456352059047253,-2.157298686872915,0.4989389800953574
1.8950000000004366,22.768549750021375,18.281954336422725,-0.08765970573100088,-0.22547595885087096,14.740086527428225,5.408590120747544,0.007645613715569738,4.48659541359865,0.13781625311987009,-2.1626238348959284,0.27508732878138764
1.9140000000006694,22.99644071377273,18.84629149625433,-0.103852621780119,-0.26669177030941493,14.59853161343748,4.811144858382227,0.005376641627640819,4.1501492175184005,0.16283914852929593,-2.0884652147936116,0.1061285773707108
1.9200000000000728,23.06839786046997,18.84629149625433,-0.10932158719739177,-0.26669177030941493,14.618362976380803,5.009458487815465,0.004867192085623834,4.222106364215641,0.15737018311202317,-2.0893084448691095,0.07719741885422615
1.943000000000211,23.344171160763203,19.6920131052706,-0.13192528565539985,-0.32522479015733524,14.469195529970698,3.228525788350669,0.002288288596306524,3.6521580554926025,0.1932995045019354,-2.1268433861338334,-0.08782480808267368
1.9679999999998472,23.64374895519018,19.6920131052706,-0.1595587841939536,-0.32522479015733524,14.55143635071785,4.050933995822184,-0.00012567515488006725,3.9517358499195794,0.16566600596338163,-2.1360948488197415,-0.21858760493210638
1.9940000000005966,23.955007689207658,20.819639234582365,-0.1918537333030691,-0.4044792964524255,14.292511566515023,1.8936481621674461,-4.120697092181806e-05,3.1353684546252936,0.21262556314935638,-2.0976051115765415,-0.23405113312988823
2.0140000000001237,24.19415697859655,20.819639234582365,-0.2192769092267655,-0.4044792964524255,14.3583886783854,2.5524192808712223,-0.002345705718661982,3.3745177440141845,0.18520238722566,-2.111352046567669,-0.34877312338783706
2.050000000000182,24.623832127696225,21.380006425197404,-0.27458183341594355,-0.4493344165716567,14.279766987673572,2.4589463604576327,-0.004856370192502125,3.243825702498821,0.17475258315571313,-2.066737185736569,-0.485292188607479
2.0540000000000873,24.671500417513474,21.937641963256507,-0.28121519586520183,-0.4985887913056438,14.099289423092614,1.290005590612758,-0.0030090276237842296,2.7338584542569677,0.217373595440442,-1.996963724592728,-0.3962934936528417
2.076000000000022,24.93337527134086,21.937641963256507,-0.31950627487368904,-0.4985887913056438,14.171689009753981,2.0140014572264238,-0.005986196654916876,2.995733308084354,0.17908251643195477,-2.0208132077006304,-0.5364866647243502
2.130000000000109,25.57364510574224,21.937641963256507,-0.4270337585018031,-0.4985887913056438,14.347992041660508,3.7770317762916865,-0.012934766256579027,3.636003142485734,0.07155503280384073,-2.0927020544788384,-0.9020144413178419
2.1660000000001673,25.99811392845434,21.937641963256507,-0.5100396463263392,-0.4985887913056438,14.46616329809271,4.9587443406136975,-0.01734857010857093,4.060471965197834,-0.011450855020695427,-2.151159196744432,-1.1626085251518996
2.1850000000004,26.221248758403707,22.49117768597816,-0.5576977349836929,-0.5524007039684579,14.3057784928632,4.581428031489988,-0.018696478876344343,3.730071072425549,-0.005297031015235043,-2.049523600601562,-1.174783143466924
2.204000000000633,26.44371052051122,22.49117768597816,-0.6081083201081068,-0.5524007039684579,14.368593170122256,5.2095748040805585,-0.021113488469453733,3.952532834533063,-0.05570761613964892,-2.0861180348762414,-1.3215419447678511
2.248000000000502,26.956054845257043,22.49117768597816,-0.7358116626872874,-0.5524007039684579,14.514202934122629,6.665672444084288,-0.026525399146026477,4.464877159278885,-0.1834109587188295,-2.1798981767088694,-1.6757969874943488
2.2580000000007203,27.071902506655636,22.49117768597816,-0.7670389898618705,-0.5524007039684579,14.547390829317772,6.997551396035711,-0.02772271563978825,4.580724820677478,-0.2146382858934126,-2.2029533242905774,-1.7591713044394421
2.27599999999984,27.279835233480778,22.49117768597816,-0.8253707723345372,-0.5524007039684579,14.607235041478269,7.595993517640677,-0.029848385947891725,4.78865754750262,-0.2729700683660793,-2.2460334747519735,-1.9120394724279632
2.3010000000003856,27.56730141090353,25.22960577481216,-0.9110057215340157,-0.9157078057878087,13.933398694204783,0.4221163511976501,-0.02530022664691846,2.337695636091368,0.004702084253793037,-2.2234050509710865,-1.1773877843751874
2.342000000000553,28.035092909369286,25.50258993514811,-1.0632860723348039,-0.9644445087991925,13.978212942797803,1.1555497748780206,-0.029532796603017917,2.5325029742211775,-0.09884156353561135,-2.2895497952409283,-1.4170262024255047
2.367000000000189,28.31786805744326,26.04859337981602,-1.1633990361888396,-1.0729033989111187,13.976582491629078,-0.19731438311431862,-0.030339931941150183,2.2692746776272408,-0.09049563727772081,-2.433112623227169,-1.2701989578304063
2.38799999999992,28.553823829201193,26.04859337981602,-1.2517636750532863,-1.0729033989111187,14.047518678997033,0.5120474905652409,-0.03350630715206205,2.5052304493851736,-0.1788602761421676,-2.503966374692304,-1.456186574580538
2.436999999999898,29.098277047187384,26.861877890126053,-1.473182754078033,-1.2558917456159815,13.865441483709285,0.7803464171817942,-0.034358644297118074,2.2363991570613315,-0.2172910084620514,-2.3622647269647192,-1.4136324181045556
2.4470000000001164,29.208264111743812,26.861877890126053,-1.521001800103355,-1.2558917456159815,13.89935371562081,1.1194687362970435,-0.03579613728460237,2.3463862216177596,-0.26511005448737346,-2.402134193247422,-1.5030782363250785
2.4700000000002547,29.459687681047637,27.654827846392138,-1.6343849299428004,-1.4719372661541106,13.658509296708505,0.310993494812053,-0.03310180348684875,1.804859834655499,-0.1624476637886898,-2.2076152548123886,-1.247107802633936
2.503000000000611,29.816478928504022,27.91528811907214,-1.8053544927759164,-1.5499815502955496,13.673459727693842,0.8128417400210456,-0.0355157073851677,1.9011908094318812,-0.2553729424803668,-2.260431413983392,-1.3608018682197942
2.5210000000006403,30.009109645630183,27.91528811907214,-1.9026358544618462,-1.5499815502955496,13.733990767918202,1.4181521422646568,-0.038019995327709354,2.0938215265580418,-0.3526543041662966,-2.3370064175187863,-1.5144833496869117
2.5570000000006985,30.39031709717769,28.17462986523693,-2.105239395612552,-1.6305657379082032,13.748989301537666,2.0946441957816218,-0.03956229335320897,2.215687231940759,-0.4746736577043489,-2.390729873309306,-1.6796661637753294
2.5650000000005093,30.47431616433821,28.17462986523693,-2.1516538590808247,-1.6305657379082032,13.775623160364663,2.360982784051608,-0.040572226757700475,2.2996862991012783,-0.5210881211726215,-2.4225774391627333,-1.7410306565065596
2.5960000000004584,30.79744530510887,28.432557357967607,-2.3360222109165067,-1.7140138103600087,13.765779046400661,2.916641127725579,-0.03980890064050127,2.3648879471412627,-0.6220084005564981,-2.387317376085994,-1.7055363390658886
2.6320000000005166,31.16813768978876,29.4379117916189,-2.5585951606255635,-2.0901098281617707,13.524003853549008,1.5653933488644622,-0.039726113654348125,1.7302258981698593,-0.46848533246379276,-2.18570948162232,-1.3512750022900484
2.649000000000342,31.34155419077353,29.4379117916189,-2.666641370100024,-2.0901098281617707,13.579886535419526,2.124220167569647,-0.041821834072235345,1.9036423991546272,-0.5765315419382535,-2.2458911949135683,-1.4578161452865972
2.668999999999869,31.544287409457365,30.172185826193886,-2.7960055948787366,-2.4052697413538526,13.386483442482321,0.7883592708055659,-0.03758472205724491,1.372101583263479,-0.39073585352488394,-2.0023919812792528,-0.998594508605378
2.6950000000006185,31.805816313931917,30.651795239242105,-2.9676160179894064,-2.633052241860172,13.309792454064954,0.24107127024904887,-0.03904006650073304,1.1540210746898119,-0.3345637761292344,-1.910806697458435,-0.8173441452773513
2.742000000000189,32.27263557343072,30.651795239242105,-3.2873454176196653,-2.633052241860172,13.463829537712204,1.781442106721551,-0.04463113388758561,1.620840334188614,-0.6542931757594932,-2.0781954453735594,-1.0762516526184935
2.780999999999949,32.65379431127339,31.12298462593204,-3.561851171831773,-2.872685549733876,13.356046743368923,2.337777246628762,-0.04849503560577837,1.530809685341346,-0.6891656220978972,-1.9390860821198803,-1.0800870155138407
2.8070000000006985,32.90457662642663,31.12298462593204,-3.7494422259336884,-2.872685549733876,13.441549811363936,3.1928079265788796,-0.05122381370554895,1.7815920004945909,-0.8767566761998125,-2.044204269169372,-1.2205782925784359
2.8140000000003056,32.97162313917974,31.583712422161224,-3.800570448823273,-3.1196972655167574,13.282361048612406,2.2587232793632364,-0.04936346359031575,1.3879107170185172,-0.6808731833065158,-1.8750120511479924,-1.0274912273415993
2.8320000000003347,33.14308536843027,31.583712422161224,-3.9332507096913027,-3.1196972655167574,13.342027845183798,2.8553912450771533,-0.051208978943024876,1.5593729462690469,-0.8135534441745453,-1.9510641132849482,-1.1239625170566079
2.8590000000003783,33.39766588370114,32.036305332797845,-4.135516221668738,-3.3774730978714533,13.276624426322822,2.3674721787539523,-0.05080313191476393,1.3613605509032922,-0.7580431237972842,-1.891165268681,-0.9878474618463766
2.8969999999999345,33.75043727418843,32.036305332797845,-4.426732284106814,-3.3774730978714533,13.40428503818934,3.6440782974191257,-0.054439324944083455,1.7141319413905833,-1.0492591862353606,-2.0648988397664496,-1.1883907347994995
2.923000000000684,33.987924616190796,32.479562413618936,-4.630357583790213,-3.647468064039246,13.293098387286593,3.5398668331468253,-0.055592132463009765,1.5083622025718597,-0.9828895197509668,-1.889511586705865,-1.0241711201060344
2.9459999999999127,34.19527702012999,32.479562413618936,-4.813424440542276,-3.647468064039246,13.371535818545762,4.324241145738515,-0.057641883718033936,1.7157146065110567,-1.16595637650303,-2.00285227453508,-1.14360784319312
2.963999999999942,34.355711535745606,33.128208296948095,-4.958604907742856,-4.070567762477222,13.189208443104922,3.018151661518232,-0.057409163028317015,1.2275032387975102,-0.8880371452656339,-1.8180202736712925,-0.9072843163532065
3.019000000000233,34.83550600678665,33.75794452307471,-5.412511207733489,-4.518001897911346,13.14276794906712,2.9609659783877977,-0.05918481686860805,1.0775614837119392,-0.8945093098221433,-1.794036614599582,-0.8108450929175772
3.0390000000006694,35.0059355621269,33.75794452307471,-5.581381226325554,-4.518001897911346,13.213267446076296,3.6659609484795728,-0.06061241655633473,1.247991039052188,-1.0633793284142081,-1.9045755891105376,-0.9118853842751031
3.0390000000006694,35.0059355621269,33.962857347093276,-5.581381226325554,-4.671810114254965,13.129742509334847,3.0598543633097783,-0.0611907278210757,1.0430782150336242,-0.9095711120705889,-1.7388256688556805,-0.7280083174701701
3.063000000000102,35.2074991271388,34.16606589891973,-5.7866831676838295,-4.828062029253759,13.125521181604954,3.340058723747101,-0.06005956481975952,1.04143322821907,-0.9586211384300709,-1.735404587704716,-0.7212541616361836
3.063000000000102,35.2074991271388,34.16606589891973,-5.7866831676838295,-4.828062029253759,13.125521181604954,3.340058723747101,-0.06005956481975952,1.04143322821907,-0.9586211384300709,-1.735404587704716,-0.7212541616361836
3.1460000000006403,35.87937483872097,34.365337344714796,-6.5186331845978085,-4.987638321512357,13.34427661128041,5.612458348683641,-0.06660454662136461,1.5140374940061747,-1.5309948630854517,-2.0975273205982203,-1.0041082745926015
3.167000000000371,36.04318744807175,34.756483983773876,-6.709105211522868,-5.312386391472454,13.235101987630982,5.297429322300634,-0.06744967845567668,1.2867034642978723,-1.3967188200504141,-1.962793118685993,-0.9189641632420358
3.173999999999978,36.09723861622023,35.138784239389516,-6.7730605270865105,-5.64634683428488,13.11241693543497,4.179444494657713,-0.06638424522639381,0.9584543768307157,-1.1267136928016308,-1.718127789973173,-0.6433736566469239
3.213999999999942,36.400806890475735,35.138784239389516,-7.142922438443416,-5.64634683428488,13.252075939023243,5.576034530540451,-0.06841423485007642,1.2620226510862196,-1.4965756041585365,-1.9433181462956997,-0.8298217296485344
3.22400000000016,36.475292576724065,35.51093776574507,-7.236546877596128,-5.98958849429066,13.13616473925659,4.60342952773933,-0.06873315055029357,0.9643548109789961,-1.2469583833054676,-1.8393979258820297,-0.7291322507055558
3.243000000000393,36.615268287856345,35.51093776574507,-7.41569443932454,-5.98958849429066,13.20151802640286,5.256962399202038,-0.06959056525847088,1.104330522111276,-1.4261059450338793,-1.9460395488623767,-0.8157941918129854
3.287000000000262,36.931654099765304,35.51093776574507,-7.836821694927443,-5.98958849429066,13.350883636786172,6.750618503035154,-0.07184113241873187,1.4207163340202342,-1.8472332006367829,-2.1923970458369215,-1.0129775464750708
3.3100000000004,37.092728544020176,36.05283734219094,-8.060380085944237,-6.524114102303359,13.220983039740425,5.396825698852774,-0.07445543574974846,1.039891201829235,-1.5362659836408783,-1.9471926722160031,-0.7232603369414043
3.3100000000004,37.092728544020176,36.74275759864952,-8.060380085944237,-7.26850240522038,12.936180927365019,2.593164872004538,-0.07143700655989686,0.3499709453706572,-0.7918776807238572,-1.3312328347638793,-0.1627998761403422
3.36200000000008,37.44602458460196,36.74275759864952,-8.574285190119125,-7.26850240522038,13.108973626378855,4.321091862142901,-0.07227919050503648,0.703266985952439,-1.3057827848987458,-1.6207806392831596,-0.386486015860001
3.394000000000233,37.655964788891666,37.07089291131615,-8.896250211937177,-7.65594601444813,13.07472068108525,3.9544449796146943,-0.07427085470542404,0.5850718775755155,-1.2403041974890474,-1.5612466986391569,-0.31840480671898064
3.3969999999999345,37.67535522549033,37.387495495934864,-8.926653812224183,-8.050211348256898,12.882753648969706,3.187068815617776,-0.07536667631021089,0.28785972955546413,-0.876442463967285,-1.2129799371755636,-0.1881223138465664
3.425000000000182,37.85393131097546,37.387495495934864,-9.212211753152328,-8.050211348256898,12.973747894933217,4.097011275252889,-0.07563247127249485,0.4664358150405974,-1.16200040489543,-1.367663167678982,-0.3032946458732457
3.443000000000211,37.96644344187412,37.54056445595907,-9.397476276772492,-8.25069910363595,12.979667611291111,3.823000388765583,-0.07480048523217904,0.42587898591504825,-1.1467771731365417,-1.3213412129363302,-0.2237225715086435
3.467000000000553,38.11363649614875,37.54056445595907,-9.646519292365658,-8.25069910363595,13.057507039813961,4.601394673994071,-0.07540660571787818,0.5730720401896789,-1.395820188729708,-1.457468638123383,-0.31924142886744633
3.4940000000005966,38.275208668936756,38.124429563580385,-9.929394624835947,-9.072678494771733,12.869043711571843,2.697053656597551,-0.07985169195776667,0.15077910535637074,-0.8567161300642141,-1.09818862373597,-0.05314751034407017
3.5650000000005093,38.67784586838854,38.39951040308682,-10.68628653009628,-9.492630749625985,12.910097831527704,4.1541771672648755,-0.08267432225163555,0.2783354653017156,-1.193655780470296,-1.2301968302474497,-0.21600671962002593
3.58600000000024,38.79025374870272,38.39951040308682,-10.913609425638448,-9.492630749625985,12.980522755092625,4.858426402914087,-0.08313857594645029,0.3907433456158955,-1.4209786760124636,-1.3830321101804195,-0.2886117991783852
3.588999999999942,38.80604786378742,38.66193817232922,-10.946207889488683,-9.918974438857429,12.84058585794738,3.698705664497748,-0.0854319169811598,0.14410969145819763,-1.027233450631254,-1.1255232566630804,-0.15555589722766072
3.6260000000002037,38.995212109461825,38.66193817232922,-11.35073442836337,-9.918974438857429,12.96632374158043,4.9560845008282515,-0.08594001763973705,0.3332739371326028,-1.4317599895059416,-1.4105391278620552,-0.2783473313289946
3.6590000000005602,39.15476566102359,38.91207975221376,-11.715275531954473,-10.350400743363899,12.926277343501884,4.860871424934683,-0.08666231378174617,0.24268590880983254,-1.3648747885905745,-1.341787990425419,-0.22347927041132465
3.6779999999998836,39.242517216792365,38.91207975221376,-11.926702069350346,-10.350400743363899,12.991889531812783,5.516993308043677,-0.0870550563096449,0.33043746457860834,-1.5763013259864476,-1.5035395151130686,-0.2815160112070707
3.7020000000002256,39.34889189851656,38.91207975221376,-12.195318372891595,-10.350400743363899,13.075004367704258,6.348141666958435,-0.08774579319082113,0.43681214630280607,-1.8449176295276963,-1.7147132338051048,-0.3525908018878887
3.7229999999999563,39.4377432563624,39.3736852030799,-12.431734382692284,-11.23209742745609,12.867445998955375,4.424103588167915,-0.08863210037846633,0.06405805328250125,-1.199636955236194,-1.2637753372360514,-0.09698573259935195
3.7330000000001746,39.47862925353855,39.3736852030799,-12.544752730133043,-11.23209742745609,12.90231421917829,4.772785790397065,-0.0885668212156022,0.10494405045864852,-1.3126553026769532,-1.356808128000175,-0.12495136040431021
3.7510000000002037,39.54985387567885,39.3736852030799,-12.748882142388828,-11.23209742745609,12.965138470840158,5.401028307015747,-0.08857263608466583,0.17616867259894775,-1.5167847149327383,-1.5276261219018497,-0.1742010255458517
3.77599999999984,39.64359514277826,39.68391330717403,-13.033839533343063,-11.91311461607418,12.898632394314557,3.8221050396690606,-0.09465990642231144,-0.04031816439577085,-1.1207249172688822,-1.3576245468476023,0.05003159440981264
